Bulei,Vol. Begin,image begin,image end,Vol. End,page ??,tilte,No.,dynasty,creator/translator,fascicles(卷),Taisho ID,Note,
般若部,1,114,656,12,1,大般若波羅蜜多經,1,唐,玄奘譯,600,T220,,
般若部,13,3,354,13,604,放光摩訶般若波羅蜜經,2,西晉,三藏無羅叉．竺叔蘭譯,30,T221,,
般若部,13,354,217,14,749,摩訶般若波羅蜜經,3,姚秦,鳩摩羅什．僧叡譯,30,T223,,
般若部,14,218,350,14,99,佛說光讚般若波羅蜜經,4,西晉,竺法護譯,10,T222,,
般若部,14,354,420,14,153,摩訶般若波羅蜜鈔經,5,苻秦,曇摩[虫*畀]．竺佛念譯,5,T226,,
般若部,14,423,546,14,182,道行摩訶般若波羅蜜經,6,後漢,支婁迦讖譯,10,T224,,
般若部,14,549,670,14,234,小品般若波羅蜜經,7,姚秦,鳩摩羅什譯,10,T227,,
般若部,15,3,98,15,284,勝天王般若波羅蜜經,8,陳,月婆首那譯,7,T231,,
般若部,15,99,171,15,322,大明度無極經,9,吳,支謙譯,6,T225,,
般若部,15,172,193,15,352,佛說濡首菩薩無上清淨分衛經,10,劉宋,翔公譯,2,T234,,
般若部,15,194,202,15,360,金剛般若波羅蜜經,11,姚秦,鳩摩羅什譯,1,T235,,
般若部,15,202,213,15,364,金剛般若波羅蜜經,12,元魏,留支譯,1,T236 ?,,
般若部,15,213,224,15,368,金剛般若波羅蜜經,13,元魏,留支譯,1,T237 ?,陳‧真諦譯？,
般若部,15,224,236,15,373,金剛能斷般若波羅蜜經,14,隋,笈多譯,1,?,,
般若部,15,236,245,15,378,能斷金剛般若波羅蜜多經,15,唐,義淨譯,1,T239,,
般若部,15,245,259,15,381,能斷金剛般若波羅蜜多經,16,唐,玄奘譯,1,?,,
般若部,15,260,265,15,387,實相般若波羅蜜經,17,唐,菩提留志等譯,1,T240,,
般若部,15,266,286,15,389,佛說仁王護國般若波羅蜜經,18,姚秦,鳩摩羅什譯,2,T245,,
般若部,15,287,287,15,398,摩訶般若波羅蜜大明呪經,19,後秦,羅什譯,1,T250,,
般若部,15,288,288,15,398,般若波羅蜜多心經,20,唐,玄奘譯,1,T251,,
般若部,15,289,304,15,398,文殊師利所說摩訶般若波羅蜜經,21,梁,曼陀羅仙譯,1,T232,,
般若部,15,304,319,15,405,文殊師利所說般若波羅蜜經,22,梁,僧伽婆羅譯,1,T233,,
寶積部,15,320,172,17,411,大寶積經,23,唐,菩提流志等譯,120,T310,,
寶積部,17,565,601,17,204,大方廣三戒經,24,北涼,曇無讖譯,3,T311,,
寶積部,17,602,649,17,219,佛說無量清淨平等覺經,25,後漢,支婁迦讖譯,2,,,
寶積部,18,4,46,18,238,佛說阿彌陀經,26,吳,支謙譯,2,,,
寶積部,18,47,76,18,255,佛說無量壽經,27,曹魏,康僧鎧譯,2,,,
寶積部,18,77,107,18,268,佛說阿閦佛國經,28,後漢,支婁迦讖譯,2,,,
寶積部,18,108,123,18,280,佛說大乘十法經,29,梁,僧伽婆羅譯,1,,,
寶積部,18,124,132,18,286,佛說普門品經,30,西晉,竺法護譯,1,,,
寶積部,18,133,144,18,290,佛說胞胎經,31,西晉,竺法護譯,1,,,
寶積部,18,145,170,18,294,文殊師利佛土嚴淨經,32,西晉,竺法護譯,2,,,
寶積部,18,171,189,18,305,法鏡經,33,後漢,安玄．嚴佛調譯,2,,,
寶積部,18,190,208,18,314,郁迦羅越問菩薩行經,34,西晉,竺法護譯,1,,,
寶積部,18,209,222,18,321,幻士仁賢經,35,西晉,竺法護譯,1,,,
寶積部,18,223,235,18,326,佛說決定毗尼經,36,,敦煌三藏譯,1,,,
寶積部,18,236,257,18,333,發覺淨心經,37,隋,闍那崛多譯,2,,,
寶積部,18,257,261,18,340,佛說優填王經,38,西晉,法炬譯,1,,,
寶積部,18,261,267,18,342,佛說須摩提經,39,西晉,竺法護譯,1,,,
寶積部,18,267,274,18,344,佛說須摩提菩薩經,40,姚秦,鳩摩羅什譯,1,,,
寶積部,18,275,292,18,347,佛說離垢施女經,41,西晉,竺法護譯,1,,,
寶積部,18,293,306,18,355,佛說阿闍世王女阿術達菩薩經,42,西晉,竺法護譯,1,,,
寶積部,18,307,327,18,361,得無垢女經,43,元魏,般若流支譯,1,,,
寶積部,18,327,344,18,369,文殊師利所說不思議佛境界經,44,唐,菩提留志等譯,2,,,
寶積部,18,345,390,18,376,佛說如幻三昧經,45,西晉,竺法護譯,3,,,
寶積部,18,391,434,18,395,善住意天子所問經,46,元魏,毗目智仙．流支等譯,3,,,
寶積部,18,435,437,18,412,太子刷護經,47,西晉,竺法護譯,1,,,
寶積部,18,438,440,18,414,佛說太子和休經,48,,僧褚錄云安公錄中失譯,1,,,
寶積部,18,441,464,18,415,慧上菩薩問大善權經,49,西晉,竺法護譯,2,,,
寶積部,18,465,485,18,424,大乘顯識經,50,唐,地婆訶羅等譯,2,,,
寶積部,18,486,486,18,433,佛說大乘方等要慧經,51,後漢,安世高譯,1,,,
寶積部,18,487,492,18,433,彌勒菩薩所問本願經,52,西晉,竺法護譯,1,,,
寶積部,18,493,504,18,435,佛遺日摩尼寶經,53,後漢,支讖譯,1,,,
寶積部,18,505,520,18,440,佛說摩訶衍寶嚴經,54,,失譯,1,,,
寶積部,18,521,535,18,447,勝鬘師子吼一乘大方便方廣經,55,劉宋,求那跋陀羅譯,1,,,
寶積部,18,535,560,18,452,毗耶娑問經,56,後魏,瞿曇般若流支譯,2,,,
大集部,18,561,351,19,463,大方等大集經,57,北涼,曇無讖譯,30,,,
大集部,19,352,508,19,656,大乘大方等日藏經,58,隋,那連提耶舍譯,10,,,
大集部,19,509,679,19,721,大方等大集月藏經,59,高齊,那連提耶舍譯,10,,,
大集部,20,3,132,20,791,大乘大集地藏十輪經,60,唐,玄奘譯,10,,,
大集部,20,133,217,20,844,佛說大方廣十輪經,61,,失譯今附北涼錄,8,,,
大集部,20,217,247,20,878,大集須彌藏經,62,高齊,那連提耶舍．法智譯,2,,,
大集部,20,248,270,20,1,虛空孕菩薩經,63,隋,闍那崛多譯,2,,,
大集部,20,271,291,20,10,虛空藏菩薩經,64,姚秦,佛陀耶舍譯,1,,,
大集部,20,292,304,20,18,虛空藏菩薩神?經,65,劉宋,曇摩蜜多譯,1,,,
大集部,20,304,306,20,23,觀虛空藏菩薩經,66,劉宋,曇摩蜜多譯,1,,,
大集部,20,307,382,20,24,佛說菩薩念佛三昧經,67,劉宋,功德直．玄暢譯,6,,,
大集部,20,383,482,20,56,佛說大方等大集菩薩念佛三昧經,68,隋,達磨笈多譯,10,,,
大集部,20,483,521,20,97,般舟三昧經,69,後漢,支婁迦讖譯,3,,,
大集部,20,522,532,20,112,拔陂菩薩經,70,,失譯,1,,,
大集部,20,533,594,20,117,大方等大集賢護經,71,隋,闍那崛多．笈多等譯,5,,,
大集部,20,595,20,21,143,阿差末菩薩經,72,西晉,竺法護譯,7,,,
大集部,21,21,88,21,171,無盡意菩薩經,73,劉宋,智嚴．寶雲譯,4,,,
大集部,21,89,114,21,200,大集譬喻王經,74,隋,闍那崛多等譯,2,,,
大集部,21,115,209,21,210,大哀經,75,西晉,竺法護譯,8,,,
大集部,21,210,259,21,249,寶女所問經,76,西晉,竺法護譯,4,,,
大集部,21,260,29,21,269,無言童子經,77,西晉,竺法護譯,2,,,
大集部,21,291,317,21,281,自在王菩薩經,78,姚秦,鳩摩羅什譯,2,,,
大集部,21,318,348,21,292,奮迅王問經,79,元魏,瞿曇般若流支等譯,2,,,
大集部,21,349,450,21,305,寶星陀羅尼經,80,唐,波羅頗密多羅譯,8,,亦名《寶星經》,
華嚴部,21,451,655,22,347,大方廣佛華嚴經,81,東晉,佛陀跋陀羅等譯,60,,,
華嚴部,23,3,426,24,699,大方廣佛華嚴經,82,唐,實叉難陀譯,80,,,
華嚴部,24,427,497,24,276,信力入印法門經,83,元魏,曇摩流支譯,5,,,
華嚴部,24,498,510,24,305,度諸佛境界智光嚴經,84,,失譯,1,,,
華嚴部,24,511,526,24,310,佛華嚴入如來德智不思議境界經,85,隋,闍那崛多譯,1,,,
華嚴部,24,527,537,24,317,大方廣入如來智德不思議經,86,唐,實叉難陀譯,1,,,
華嚴部,24,538,543,24,321,大方廣佛華嚴經修慈分,87,唐,提雲般若等譯,1,,,
華嚴部,24,544,551,24,323,大方廣如來不思議境界經,88,唐,實叉難陀譯,1,,,
華嚴部,24,551,560,24,326,大方廣佛華嚴經不思議佛境界分,89,唐,提曇般若譯,1,,,
華嚴部,24,560,574,24,330,大乘金剛髻珠菩薩修行分經,90,唐,菩提流志譯,1,,,
華嚴部,24,575,578,24,336,大方廣普賢所說經,91,唐,實叉難陀譯,1,,,
華嚴部,24,578,582,24,337,莊嚴菩提心經,92,姚秦,鳩摩羅什譯,1,,,
華嚴部,24,582,591,24,339,佛說菩薩本業經,93,吳,支謙譯,1,,,
華嚴部,24,592,599,24,343,諸菩薩求佛本業經,94,西晉,聶道真譯,1,,,
華嚴部,24,600,605,24,346,菩薩十住行道品經,95,西晉,竺法護譯,1,,,
華嚴部,24,605,609,24,348,佛說菩薩十住經,96,東晉,祇多蜜譯,1,,,
華嚴部,24,609,36,25,350,漸備一切智德經,97,西晉,竺法護譯,5,,,
華嚴部,25,37,116,25,385,十住經,98,姚秦,鳩摩羅什．佛陀耶舍譯,6,,,
華嚴部,25,117,118,25,417,顯無邊佛土功德經,99,唐,玄奘譯,1,,,
華嚴部,25,119,159,25,418,等目菩薩所問三昧經,100,西晉,竺法護譯,3,,,
華嚴部,25,159,213,25,434,佛說如來興顯經,101,西晉,竺法護譯,4,,,
華嚴部,25,214,308,25,457,度世品經,102,西晉,竺法護譯,6,,,
華嚴部,25,309,365,25,495,佛說羅摩伽經,103,乞伏秦,聖堅譯,4,,,
華嚴部,25,366,372,25,518,大方廣佛華嚴經續入法界品,104,唐,地婆訶羅譯,1,,,
華嚴部,25,373,378,25,521,佛說大方廣菩薩十地經,105,元魏,吉迦夜．曇曜譯,1,,,
華嚴部,25,378,382,25,523,佛說兜沙經,106,後漢,支婁迦讖譯,1,,,
涅槃部,25,382,280,26,526,大般涅槃經,107,北涼,曇無讖譯,40,,,
涅槃部,26,281,311,26,751,大般涅槃經後分,108,唐,若那跋陀羅．會寧等譯,2,,,
涅槃部,26,312,422,26,763,大般泥洹經,109,東晉,法顯．覺賢譯,6,,,
涅槃部,26,422,459,26,808,佛說方等般泥洹經,110,西晉,竺法護譯,2,,,
涅槃部,26,460,496,26,823,四童子三昧經,111,隋,闍那崛多譯,3,,,
涅槃部,26,496,563,26,837,大悲經,112,高齊,那連提耶舍．法智譯,5,,,
五大部外諸重譯經,26,564,75,27,1,方廣大莊嚴經,113,唐,地婆訶羅譯,12,,,
五大部外諸重譯經,27,76,191,27,70,普曜經,114,西晉,竺法護譯,8,,,
五大部外諸重譯經,27,192,200,27,118,法華三昧經,115,宋,智嚴譯,1,,,
五大部外諸重譯經,27,200,213,27,121,無量義經,116,蕭齊,曇摩伽陀耶舍譯,1,,,
五大部外諸重譯經,27,214,216,27,126,薩曇分陀利經,117,,失譯,1,,,
五大部外諸重譯經,27,217,363,27,128,妙法蓮華經,118,姚秦,鳩摩羅什譯,7,,,
五大部外諸重譯經,27,364,515,27,191,正法華經,119,西晉,竺法護譯,10,,,
五大部外諸重譯經,27,516,645,27,253,添品妙法蓮華經,120,隋,闍那崛多．達摩笈多添品譯,8,,,
五大部外諸重譯經,27,646,30,28,305,維摩詰經,121,吳,支謙譯,3,,,
五大部外諸重譯經,28,31,77,28,323,維摩詰所說經,122,姚秦,鳩摩羅什譯,3,,,
五大部外諸重譯經,28,78,148,28,342,說無垢稱經,123,唐,玄奘譯,6,,,
五大部外諸重譯經,28,149,166,28,371,大方等頂王經,124,西晉,竺法護譯,1,,,
五大部外諸重譯經,28,167,181,28,378,大乘頂王經,125,梁,月婆首那譯,1,,,
五大部外諸重譯經,28,182,200,28,385,善思童子經,126,隋,闍那崛多譯,2,,,
五大部外諸重譯經,28,201,331,28,392,大乘大悲分陀利經,127,【秦】,失譯,8,,《開元錄‧卷十一》謂此經失譯，今附秦錄。,
五大部外諸重譯經,28,332,484,28,446,悲華經,128,北涼,曇無讖譯,10,,,
五大部外諸重譯經,28,484,605,28,510,金光明最勝王經,129,唐,義淨譯,10,,,
五大部外諸重譯經,28,606,38,29,559,合部金光明經,130,隋,寶貴合入,8,,,
五大部外諸重譯經,29,39,85,29,597,伅真陀羅所問寶如來三昧經,131,後漢,支婁迦讖譯,3,,,
五大部外諸重譯經,29,86,137,29,617,大樹緊那羅王所問經,132,姚秦,鳩摩羅什譯,4,,,
五大部外諸重譯經,29,138,166,29,638,佛昇忉利天為母說法經,133,西晉,竺法護譯,3,,,
五大部外諸重譯經,29,167,205,29,650,道神足無極變化經,134,西晉,安法欽譯,4,,,
五大部外諸重譯經,29,205,313,29,666,佛說寶雨經,135,唐,達摩流支等譯,10,,,
五大部外諸重譯經,29,314,391,29,711,寶雲經,136,梁,曼陀羅仙．僧伽婆羅譯,7,,,
五大部外諸重譯經,29,392,449,29,742,阿惟越致遮經,137,西晉,竺法護譯,4,,,
五大部外諸重譯經,29,450,510,29,1,不退轉法輪經,138,北涼,失譯,4,,,
五大部外諸重譯經,29,510,575,29,25,廣博嚴淨不退轉法輪經,139,劉宋,智嚴．寶雲譯,4,,,
五大部外諸重譯經,29,576,589,29,52,入定不定印經,140,唐,義淨譯,1,,,
五大部外諸重譯經,29,589,604,29,57,不必定入定入印經,141,元魏,瞿曇般若流支譯,1,,,
五大部外諸重譯經,29,605,643,29,64,等集眾德三昧經,142,西晉,竺法護譯,3,,,
五大部外諸重譯經,29,644,682,29,79,集一切福德三昧經,143,姚秦,鳩摩羅什譯,3,,,
五大部外諸重譯經,30,3,77,30,95,持心梵天所問經,144,西晉,竺法護譯,4,,,
五大部外諸重譯經,30,78,143,30,125,思益梵天所問經,145,姚秦,鳩摩羅什譯,4,,,
五大部外諸重譯經,30,144,222,30,151,勝思惟梵天所問經,146,元魏,菩提流支譯,6,,,
五大部外諸重譯經,30,223,263,30,184,持人菩薩所問經,147,西晉,竺法護譯,4,,,
五大部外諸重譯經,30,264,322,30,200,持世經,148,姚秦,鳩摩羅什譯,4,,,
五大部外諸重譯經,30,323,333,30,224,佛說濟諸方等學經,149,西晉,竺法護譯,1,,,
五大部外諸重譯經,30,334,344,30,228,大乘方廣總持經,150,隋,毗尼多流支譯,1,,,
五大部外諸重譯經,30,345,377,30,233,佛說文殊師利現寶藏經,151,西晉,竺法護譯,2,,,
五大部外諸重譯經,30,378,410,30,246,大方廣寶篋經,152,劉宋,求那跋陀羅譯,2,,,
五大部外諸重譯經,30,411,440,30,259,大乘同性經,153,宇文周,闍那耶舍．僧安譯,2,,,
五大部外諸重譯經,30,441,467,30,271,證契大乘經,154,唐,地婆訶羅等譯,2,,,
五大部外諸重譯經,30,468,523,30,283,深密解脫經,155,元魏,菩提留支譯,5,,,
五大部外諸重譯經,30,523,577,30,305,解深密經,156,唐,玄奘譯,5,,མདོ་དགོངས་པ་ངེས་འགྲེལ།,
五大部外諸重譯經,30,578,585,30,328,佛說解節經,157,陳,真諦譯,1,,,
五大部外諸重譯經,30,586,599,30,331,相續解脫地波羅蜜了義經,158,劉宋,求那跋陀羅譯,1,,,
五大部外諸重譯經,30,,,30,334,相續解脫如來所作隨順處了義經,159,,失譯,1,,"not in this edition, 此版本中找不到此经（劉宋‧求那跋陀羅譯）",
五大部外諸重譯經,30,600,615,30,336,緣生初勝分法本經,160,隋,達磨笈多譯,2,,,
五大部外諸重譯經,30,616,631,30,343,分別緣起初勝法門經,161,唐,玄奘譯,2,,,
五大部外諸重譯經,30,631,40,31,349,楞伽阿跋多羅寶經,162,劉宋,求那跋陀羅譯,4,,,
五大部外諸重譯經,31,41,187,31,381,入楞伽經,163,元魏,菩提留支譯,10,,,
五大部外諸重譯經,31,187,295,31,441,大乘入楞伽經,164,唐,實叉難陀譯,7,,,
五大部外諸重譯經,31,296,333,31,485,佛說菩薩行方便境界神通變化經,165,劉宋,求那跋陀羅譯,3,,,
五大部外諸重譯經,31,333,444,31,501,大薩遮尼乾子受記經,166,元魏,菩提留支譯,10,,,
五大部外諸重譯經,31,445,516,31,547,大方等大雲經,167,北涼,曇無讖譯,4,,,
五大部外諸重譯經,31,517,534,31,576,大雲請雨經,168,宇文周,闍那耶舍等譯,1,,,
五大部外諸重譯經,31,535,551,31,583,大雲輪請雨經,169,隋,那連提耶舍譯,2,,,
五大部外諸重譯經,31,552,565,31,590,大方等大雲請雨經,170,隋,闍那崛多等譯,1,,,
五大部外諸重譯經,31,566,590,31,596,諸法無行經,171,姚秦,鳩摩羅什譯,2,,,
五大部外諸重譯經,31,591,621,31,606,諸法本無經,172,隋,闍那崛多等譯,3,,,
五大部外諸重譯經,31,622,646,31,618,佛說無極寶三昧經,173,西晉,竺法護譯,2,,,
五大部外諸重譯經,32,6,35,32,629,寶如來三昧經,174,東晉,祇多蜜譯,2,,,
五大部外諸重譯經,32,36,51,32,641,佛說慧印三昧經,175,吳,支謙譯,1,,,
五大部外諸重譯經,32,52,66,32,647,佛說如來智印經,176,,失譯,1,,,
五大部外諸重譯經,32,67,74,32,654,佛說灌頂三歸五戒帶佩護身呪經,177,東晉,帛尸梨蜜多羅譯,1,,共十二部，總名大灌頂神咒經,
五大部外諸重譯經,32,75,85,32,657,佛說灌頂七萬二千神王護比丘呪經,178,東晉,帛尸梨蜜多羅譯,1,,共十二部，總名大灌頂神咒經,
五大部外諸重譯經,32,86,92,32,661,佛說灌頂十二萬神王護比丘尼呪經,179,東晉,帛尸梨蜜多羅譯,1,,共十二部，總名大灌頂神咒經,
五大部外諸重譯經,32,92,101,32,664,佛說灌頂百結神王護身呪經,180,東晉,帛尸梨蜜多羅譯,1,,共十二部，總名大灌頂神咒經,
五大部外諸重譯經,32,102,109,32,668,佛說灌頂呪宮宅神王守鎮左右經,181,東晉,帛尸梨蜜多羅譯,1,,共十二部，總名大灌頂神咒經,
五大部外諸重譯經,32,110,116,32,671,佛說灌頂塚墓因緣四方神呪經,182,東晉,帛尸梨蜜多羅譯,1,,共十二部，總名大灌頂神咒經,
五大部外諸重譯經,32,117,123,32,672,佛說灌頂伏魔封印大神呪經,183,東晉,帛尸梨蜜多羅譯,1,,共十二部，總名大灌頂神咒經,
五大部外諸重譯經,32,123,130,32,677,佛說灌頂摩尼羅亶大神呪經,184,東晉,帛尸梨蜜多羅譯,1,,共十二部，總名大灌頂神咒經,
五大部外諸重譯經,32,131,137,32,680,佛說灌頂召五方龍王攝疫毒神呪經,185,東晉,帛尸梨蜜多羅譯,1,,共十二部，總名大灌頂神咒經,
五大部外諸重譯經,32,138,146,32,683,佛說灌頂梵天神策經,186,東晉,帛尸梨蜜多羅譯,1,,共十二部，總名大灌頂神咒經,
五大部外諸重譯經,32,147,155,32,687,佛說灌頂隨願往生十方淨土普廣所問經,187,東晉,帛尸梨蜜多羅譯,1,,共十二部，總名大灌頂神咒經,
五大部外諸重譯經,32,155,165,32,690,佛說灌頂章句拔除過罪生死免得度經,188,東晉,帛尸梨蜜多羅譯,1,,共十二部，總名大灌頂神咒經,
五大部外諸重譯經,32,166,174,32,695,佛說藥師如來本願經,189,隋,達磨笈多譯,1,,,
五大部外諸重譯經,32,175,183,32,698,藥師琉璃光如來本願功德經,190,唐,玄奘譯,1,,,
五大部外諸重譯經,32,184,205,32,702,藥師琉璃光七佛本願功德經,191,唐,義淨譯,2,,,
五大部外諸重譯經,32,206,246,32,711,佛說阿闍世王經,192,後漢,支婁迦讖譯,2,,,
五大部外諸重譯經,32,247,300,32,727,普超三昧經,193,西晉,竺法護譯,4,,,
五大部外諸重譯經,32,300,305,32,749,佛說放呪經,194,,失譯,1,,,
五大部外諸重譯經,32,306,466,32,752,月燈三昧經,195,高齊,那連提耶舍譯,11,,,
五大部外諸重譯經,32,467,474,32,817,月燈三昧經,196,劉宋,先公譯,1,,,
五大部外諸重譯經,32,475,489,32,820,佛說無所希望經,197,西晉,竺法護譯,1,,,
五大部外諸重譯經,32,490,502,32,826,佛說象腋經,198,劉宋,曇摩蜜多譯,1,,,
五大部外諸重譯經,32,503,522,32,831,佛說大淨法門品經,199,西晉,竺法護譯,1,,,
五大部外諸重譯經,32,522,542,32,839,大莊嚴法門經,200,隋,那連提耶舍譯,2,,,
五大部外諸重譯經,32,543,569,32,847,如來莊嚴智慧光明入一切佛境界經,201,元魏,曇摩流支譯,2,,,
五大部外諸重譯經,32,569,578,32,858,度一切諸佛境界智嚴經,202,梁,僧伽婆羅等譯,1,,,
五大部外諸重譯經,32,578,578,32,861,拔一切業障根本得生淨土神呪,203,劉宋,求那跋陀羅譯,1,,,
五大部外諸重譯經,32,578,579,32,861,阿彌陀經不思議神力傳,204,,失譯,1,,,
五大部外諸重譯經,32,579,583,32,862,佛說阿彌陀經,205,姚秦,鳩摩羅什譯,1,,,
五大部外諸重譯經,32,584,585,32,863,後出阿彌陀佛偈經,206,,失譯,1,,,
五大部外諸重譯經,32,585,597,32,864,佛說觀無量壽佛經,207,劉宋,?良耶舍譯,1,,,
五大部外諸重譯經,32,598,605,32,869,稱讚淨土佛攝受經,208,唐,玄奘譯,1,,,
五大部外諸重譯經,32,606,612,32,1,佛說觀彌勒菩薩上生兜率「?」天經,209,劉宋,沮渠景聲譯,1,,,
五大部外諸重譯經,32,612,617,32,3,佛說彌勒下生經,210,姚秦,羅什譯,1,,,
五大部外諸重譯經,32,617,619,32,5,佛說彌勒來時經,211,,,1,,,
五大部外諸重譯經,32,619,624,32,6,觀彌勒菩薩下生經,212,西晉,竺法護譯,1,,,
五大部外諸重譯經,32,625,629,32,8,佛說彌勒下生成佛經,213,唐,義淨譯,1,,,
五大部外諸重譯經,32,629,643,32,10,諸法勇王經,214,劉宋,曇摩蜜多譯,1,,,
五大部外諸重譯經,32,644,658,32,16,一切法高王經,215,元魏,瞿曇般若流支譯,1,,,
五大部外諸重譯經,33,11,20,33,22,第一義法勝經,216,元魏,瞿曇般若流支譯,1,,,
五大部外諸重譯經,33,21,32,33,26,大威燈光仙人問疑經,217,隋,闍那崛多譯,1,,,
五大部外諸重譯經,33,33,53,33,30,樂瓔珞莊嚴方便經,218,姚秦,曇摩耶舍譯,1,,,
五大部外諸重譯經,33,54,75,33,39,順權方便經,219,西晉,竺法護譯,2,,,
五大部外諸重譯經,33,76,89,33,47,彌勒成佛經,220,姚秦,鳩摩羅什譯,1,,,
五大部外諸重譯經,33,89,205,33,53,六度集經,221,吳,康僧會譯,8,,,
五大部外諸重譯經,33,206,218,33,100,太子須大拏經,222,乞伏秦,聖堅譯,1,,,
五大部外諸重譯經,33,219,223,33,105,佛說睒子經,223,乞伏秦,聖堅譯,1,,,
五大部外諸重譯經,33,223,227,33,106,太子慕魄經,224,後漢,安世高譯,1,,,
五大部外諸重譯經,33,228,230,33,108,佛說太子沐魄經,225,西晉,竺法護譯,1,,,
五大部外諸重譯經,33,230,231,33,109,佛說九色鹿經,226,吳,支謙譯,1,,,
五大部外諸重譯經,33,231,236,33,109,菩薩睒子經,227,乞伏秦,聖堅譯,1,,,
五大部外諸重譯經,33,237,241,33,112,無字寶篋經,228,元魏,菩提留支譯,1,,,
五大部外諸重譯經,33,241,244,33,113,大乘離文字普光明藏經,229,唐,地婆訶羅譯,1,,,
五大部外諸重譯經,33,244,247,33,115,佛說長者子制經,230,後漢,安世高譯,1,,,
五大部外諸重譯經,33,248,252,33,118,大乘遍照光明藏無字法門經,231,唐,地婆訶羅譯,1,,,
五大部外諸重譯經,33,252,253,33,118,佛說老女人經,232,吳,支謙譯,1,,,
五大部外諸重譯經,33,254,255,33,118,佛說老母經,233,,,1,,,
五大部外諸重譯經,33,255,256,33,119,佛說老母女六英經,234,劉宋,求那跋陀羅譯,1,,,
五大部外諸重譯經,33,256,259,33,119,佛說菩薩逝經,235,西晉,白法祖譯,1,,,
五大部外諸重譯經,33,260,266,33,121,佛說月光童子經,236,西晉,竺法護譯,1,,,
五大部外諸重譯經,33,266,267,33,123,申日兜本經,237,劉宋,跋陀羅譯,1,,,
五大部外諸重譯經,33,268,270,33,124,佛說逝童子經,238,西晉,支法度譯,1,,,
五大部外諸重譯經,33,271,272,33,125,佛說犢子經,239,吳,支謙譯,1,,,
五大部外諸重譯經,33,272,276,33,125,佛說乳光佛經,240,西晉,竺法護譯,1,,,
五大部外諸重譯經,33,276,278,33,127,無垢賢女經,241,西晉,竺法護譯,1,,,
五大部外諸重譯經,33,279,281,33,128,腹中女聽經,242,北涼,曇無讖譯,1,,,
五大部外諸重譯經,33,282,287,33,129,文殊師利問菩提經,243,姚秦,鳩摩羅什譯,1,,,
五大部外諸重譯經,33,287,294,33,131,迦耶山頂經,244,元魏,菩提留支譯,1,,,
五大部外諸重譯經,33,294,301,33,134,象頭精舍經,245,隋,毗尼多流支譯,1,,,
五大部外諸重譯經,33,301,307,33,137,大乘迦耶山頂經,246,唐,菩提留支等譯,1,,,
五大部外諸重譯經,33,308,330,33,140,佛說德護長者經,247,隋,那連提耶舍譯,2,,,
五大部外諸重譯經,33,330,344,33,149,佛說轉女身經,248,劉宋,曇摩蜜多譯,1,,,
五大部外諸重譯經,33,345,347,33,155,佛說未曾有經,249,,,1,,,
五大部外諸重譯經,33,347,353,33,155,甚希有經,250,唐,玄奘譯,1,,,
五大部外諸重譯經,33,354,362,33,158,佛說最無比經,251,唐,玄奘譯,1,,,
五大部外諸重譯經,33,363,367,33,162,如來師子吼經,252,元魏,佛陀扇多譯,1,,,
五大部外諸重譯經,33,367,371,33,163,大方廣師子吼經,253,唐,地婆訶羅等譯,1,,,
五大部外諸重譯經,33,371,376,33,165,大乘百福相經,254,唐,地婆訶羅譯,1,,,
五大部外諸重譯經,33,377,400,33,167,佛說無上依經,255,梁,真諦譯,2,,,
五大部外諸重譯經,33,401,407,33,177,佛說決定總持經,256,西晉,竺法護譯,1,,,
五大部外諸重譯經,33,407,412,33,177,謗佛經,257,元魏,菩提留支譯,1,,,
五大部外諸重譯經,33,413,417,33,182,佛說寶積三昧文殊師利菩薩問法身經,258,後漢,安世高譯,1,,,
五大部外諸重譯經,33,417,424,33,183,入法界體性經,259,隋,闍那崛多譯,1,,,
五大部外諸重譯經,33,425,431,33,186,大乘百福莊嚴相經,260,唐,地婆訶羅等譯,1,,,
五大部外諸重譯經,33,431,431,33,189,大乘四法經,261,唐,地婆訶羅譯,1,,,
五大部外諸重譯經,33,432,432,33,189,佛說菩薩修行四法經,262,唐,地婆訶羅譯,1,,,
五大部外諸重譯經,33,433,437,33,189,希有校量功德經,263,隋,闍那崛多譯,1,,,
五大部外諸重譯經,33,438,442,33,191,善恭敬經,264,隋,闍那崛多譯,1,,,
五大部外諸重譯經,33,442,448,33,193,稱讚大乘功德經,265,唐,玄奘譯,1,,,
五大部外諸重譯經,33,448,451,33,,佛說妙法決定業障經,266,唐,智嚴譯,1,,,
五大部外諸重譯經,33,451,456,33,238,銀色女經,267,元魏,佛陀扇多譯,1,,,
五大部外諸重譯經,33,456,458,33,255,佛說阿闍世王受決經,268,西晉,法炬譯,1,,,
五大部外諸重譯經,33,459,460,33,268,採華違王上佛授決經,269,東晉,竺曇無蘭譯,1,,,
五大部外諸重譯經,33,460,464,33,280,佛說正恭敬經,270,元魏,佛陀扇多譯,1,,,
五大部外諸重譯經,33,465,469,33,286,佛說前世三轉經,271,西晉,法炬譯,1,,,
五大部外諸重譯經,33,470,473,33,290,了本生死經,272,吳,支謙譯,1,,,
五大部外諸重譯經,33,473,480,33,294,佛說自誓三昧經,273,後漢,安世高譯,1,,,
五大部外諸重譯經,33,480,482,33,305,佛說貝多樹下思惟十二因緣經,274,吳,支謙譯,1,,,
五大部外諸重譯經,33,482,488,33,314,緣起聖道經,275,唐,玄奘譯,1,,,
五大部外諸重譯經,33,488,493,33,321,佛說稻?經,276,,失譯,1,,,
五大部外諸重譯經,33,494,495,33,326,佛說作佛形像經,277,,失譯,1,,,
五大部外諸重譯經,33,495,497,33,333,佛說龍施女經,278,吳,支謙譯,1,,,
五大部外諸重譯經,33,497,500,33,340,佛說龍施菩薩本起經,279,西晉,竺法護譯,1,,,
五大部外諸重譯經,33,500,502,33,342,佛說八吉祥神咒經,280,吳,支謙譯,1,,,
五大部外諸重譯經,33,503,504,33,344,轉有經,281,元魏,佛陀扇多譯,1,,,
五大部外諸重譯經,33,504,509,33,347,佛說文殊師利巡行經,282,元魏,菩提留支譯,1,,,
五大部外諸重譯經,33,509,515,33,355,文殊尸利行經,283,隋,豆那崛多譯,1,,,
五大部外諸重譯經,33,516,518,33,361,佛說諫王經,284,劉宋,沮渠京聲譯,1,,,
五大部外諸重譯經,33,518,526,33,369,如來示教勝軍王經,285,唐,玄奘譯,1,,,
五大部外諸重譯經,33,526,532,33,376,佛為勝光天子說王法經,286,唐,義淨譯,1,,,
五大部外諸重譯經,33,532,534,33,395,大方等修多羅王經,287,元魏,菩提留支譯,1,,,
五大部外諸重譯經,33,535,540,33,412,如來獨證自誓三昧經,288,西晉,竺法護譯,1,,,
五大部外諸重譯經,33,540,541,33,414,佛說灌佛經,289,西晉,法炬譯,1,,,
五大部外諸重譯經,33,541,543,33,415,佛說灌洗佛經,290,乞伏秦,聖堅譯,1,,,
五大部外諸重譯經,33,544,546,33,424,佛說造立形像福報經,291,,失譯,1,,,
五大部外諸重譯經,33,547,549,33,433,佛說八陽神咒經,292,西晉,竺法護譯,1,,,
五大部外諸重譯經,33,549,550,33,433,八吉祥經,293,梁,僧伽婆羅譯,1,,,
五大部外諸重譯經,33,550,553,33,435,佛說八佛名號經,294,隋,闍那崛多譯,1,,,
五大部外諸重譯經,33,553,555,33,440,佛說盂蘭盆經,295,西晉,竺法護譯,1,,,
五大部外諸重譯經,33,556,556,33,447,佛說報恩奉盆經,296,,失譯,1,,,
五大部外諸重譯經,33,557,559,33,452,佛說浴像功德經,297,唐,寶思惟譯,1,,,
五大部外諸重譯經,33,559,561,33,463,浴像功德經,298,唐,義淨譯,1,,,
五大部外諸重譯經,33,561,562,33,656,佛說校量數珠功德經,299,唐,寶思惟譯,1,,,
五大部外諸重譯經,33,563,564,33,721,曼殊室利咒藏中校量數珠功德經,300,唐,義淨譯,1,,,
五大部外諸重譯經,33,565,260,34,791,不空羂索神變真言經,301,唐,菩提流支譯,30,,原书（第33函）缺页 （missing 209p-224p),
五大部外諸重譯經,34,261,269,34,844,不空羂索呪經,302,隋,闍那崛多等譯,1,,,
五大部外諸重譯經,34,270,295,34,878,不空羂索心呪王經,303,唐,寶思惟譯,3,,,
五大部外諸重譯經,34,296,304,34,1,不空羂索呪心經,304,唐,菩提流志譯,1,,,
五大部外諸重譯經,34,305,333,34,10,不空羂索陀羅尼經,305,唐,李無諂譯,2,,,
五大部外諸重譯經,34,334,349,34,18,千眼千臂观世音菩萨陀罗尼神呪经,306,唐,智通譯,2,,,
五大部外諸重譯經,34,350,367,34,23,千手千眼觀世音菩薩姥陀羅尼身經,307,唐,菩提流志譯,1,,,
五大部外諸重譯經,34,368,374,34,24,觀世音菩薩秘密藏神呪經,308,唐,實叉難陀譯,1,,,
五大部外諸重譯經,34,375,380,34,56,觀世音菩薩如意摩尼陀羅尼經,309,唐,寶思惟譯,1,,,
五大部外諸重譯經,34,381,395,34,97,千手千眼觀世音菩薩廣大圓滿無礙大悲心陀羅尼經,310,唐,伽梵達摩譯,1,,,
五大部外諸重譯經,34,395,405,34,112,不空羂索神呪心經,311,唐,玄奘譯,1,,,
五大部外諸重譯經,34,405,408,34,117,佛說觀自在菩薩如意心陀羅尼呪經,312,唐,義淨譯,1,,,
五大部外諸重譯經,34,409,428,34,143,如意輪陀羅尼經,313,唐,菩提流志譯,1,,,
五大部外諸重譯經,34,428,430,34,171,大方廣菩薩藏經中文殊師利根本一字陀羅尼法,314,唐,寶思惟譯,1,,,
五大部外諸重譯經,34,431,433,34,200,曼殊室利菩薩呪藏中一字呪王經,315,唐,義淨譯,1,,,
五大部外諸重譯經,34,433,435,34,210,稱讚如來功德神呪經,316,唐,義淨譯,1,,,
五大部外諸重譯經,34,436,440,34,249,十二佛名神呪校量功德除障滅罪經,317,隋,闍那崛多譯,1,,,
五大部外諸重譯經,34,441,472,34,269,佛說孔雀王呪經,318,梁,僧伽婆羅譯,2,,,
五大部外諸重譯經,34,473,476,34,281,大孔雀王神呪經,319,東晉,帛尸梨蜜多羅譯,1,,,
五大部外諸重譯經,34,477,483,34,292,佛說大金色孔雀王呪經,320,,,1,,,
五大部外諸重譯經,34,484,491,34,494,大金色孔雀王呪經,321,姚秦,鳩摩羅什譯,1,,,
五大部外諸重譯經,34,492,536,34,497,佛說大孔雀呪王經,322,唐,義淨譯,3,,,
五大部外諸重譯經,34,537,146,35,516,佛說陀羅尼集經,323,唐,阿地瞿多譯,12,,,
五大部外諸重譯經,35,147,149,35,624,佛說七俱胘佛母大準提陀羅尼經,324,唐,金剛智譯,1,,,
五大部外諸重譯經,35,150,152,35,625,千轉陀羅尼觀世音菩薩呪,325,唐,智通譯,1,,,
五大部外諸重譯經,35,152,152,35,626,呪五首經,326,唐,玄奘譯,1,,,
五大部外諸重譯經,35,153,154,35,627,六字大陀羅尼呪經,327,唐,菩提流支譯,1,,,
五大部外諸重譯經,35,155,155,35,627,摩利支天經,328,,,1,,,
五大部外諸重譯經,35,156,168,35,628,佛說七俱胝佛母准提大明陀羅尼經,329,唐,金剛智譯,1,,准提大明陀羅尼經,
五大部外諸重譯經,35,168,175,35,633,佛說十一面觀世音神呪經,330,宇文周,耶舍崛多等譯,1,,,
五大部外諸重譯經,35,176,182,35,634,十一面神呪心經,331,唐,玄奘譯,1,,,
五大部外諸重譯經,35,183,183,35,639,呪三首經,332,唐,,1,,,
五大部外諸重譯經,35,184,202,35,640,觀自在菩薩怛縛多唎隨心陀羅尼經,333,唐,智通譯,1,,,
五大部外諸重譯經,35,202,208,35,647,種種雜呪經,334,宇文周,闍那崛多譯,1,,,
五大部外諸重譯經,35,208,213,35,649,佛頂尊勝陀羅尼經,335,唐,杜行顗譯,1,,,
五大部外諸重譯經,35,214,219,35,652,佛頂最勝陀羅尼經,336,唐,地婆訶羅譯,1,,,
五大部外諸重譯經,35,220,228,35,654,佛頂尊勝陀羅尼經,337,唐,佛陀波利譯,1,,,
五大部外諸重譯經,35,228,232,35,657,佛說無量門微密持經,338,吳,支謙譯,1,,,
五大部外諸重譯經,35,233,238,35,659,佛說出生無量門持經,339,東晉,佛陀跋陀羅譯,1,,,
五大部外諸重譯經,35,239,245,35,661,佛說佛頂尊勝陀羅尼經,340,唐,義淨譯,1,,,
五大部外諸重譯經,35,245,255,35,664,佛說最勝佛頂陀羅尼淨除業障經,341,唐,地婆訶羅譯,1,,,
五大部外諸重譯經,35,256,263,35,668,阿難陀目佉尼呵離陀經,342,劉宋,求那跋陀羅譯,1,,,
五大部外諸重譯經,35,264,270,35,671,舍利弗陀羅尼經,343,梁,僧伽婆羅譯,1,,,
五大部外諸重譯經,35,271,278,35,674,阿難陀目佉尼呵離陀鄰尼經,344,元魏,佛陀扇多譯,1,,,
五大部外諸重譯經,35,279,287,35,677,佛說無量門破魔陀羅尼經,345,宋,功德直等譯,1,,,
五大部外諸重譯經,35,288,297,35,680,佛說一向出生菩薩經,346,隋,闍那崛多等譯,1,,,
五大部外諸重譯經,35,298,309,35,684,出生無邊門陀羅尼經,347,唐,智嚴譯,1,,,
五大部外諸重譯經,35,309,310,35,689,勝幢臂印陀羅尼經,348,唐,玄奘譯,1,,,
五大部外諸重譯經,35,311,312,35,689,妙臂印幢陀羅尼經,349,唐,實叉難陀譯,1,,,
五大部外諸重譯經,35,312,324,35,691,佛說無崖際總持法門經,350,高齊,萬天懿譯,1,,,
五大部外諸重譯經,35,324,337,35,695,尊勝菩薩所問一切諸法入無量門陀羅尼經,351,高齊,萬天懿譯,1,,,
五大部外諸重譯經,35,338,348,35,701,金剛上味陀羅尼經,352,元魏,佛陀扇多譯,1,,,
五大部外諸重譯經,35,349,359,35,705,金剛場陀羅尼經,353,隋,闍那崛多譯,1,,,
五大部外諸重譯經,35,360,368,35,709,虛空藏菩薩問七佛陀羅尼呪經,354,,失譯,1,,,
五大部外諸重譯經,35,369,370,35,713,華積陀羅尼神呪經,355,吳,支謙譯,1,,,
五大部外諸重譯經,35,371,372,35,714,師子奮迅菩薩所問經,356,,失譯,1,,,
五大部外諸重譯經,35,373,374,35,714,佛說華聚陀羅尼呪經,357,,失譯,1,,,
五大部外諸重譯經,35,375,378,35,715,六字呪王經,358,,失譯,1,,,
五大部外諸重譯經,35,378,383,35,716,六字神呪王經,359,,失譯,1,,,
五大部外諸重譯經,35,384,391,35,719,如來方便善巧呪經,360,隋,闍那崛多譯,1,,,
五大部外諸重譯經,35,391,392,35,721,佛說持句神呪經,361,吳,支謙譯,1,,,
五大部外諸重譯經,35,393,394,35,722,佛說陀隣尼鉢經,362,東晉,竺曇無蘭譯,1,,,
五大部外諸重譯經,35,395,405,35,723,東方最勝燈王如來遣二菩薩送呪奉釋迦如來護持世間經,363,隋,闍那崛多譯,1,,東方最勝燈王如來經,
五大部外諸重譯經,35,406,409,35,727,善法方便陀羅尼經,364,,失譯,1,,,
五大部外諸重譯經,35,409,413,35,728,金剛祕密善門陀羅尼經,365,,失譯,1,,,
五大部外諸重譯經,35,414,422,35,730,護命法門神呪經,366,唐,菩提流志譯,1,,,
五大部外諸重譯經,35,423,432,35,734,無垢淨光大陀羅尼經,367,唐,彌陀山等譯,1,,,
五大部外諸重譯經,35,433,441,35,738,請觀世音菩薩消伏毒害陀羅尼呪經,368,東晉,竺難提譯,1,,,
五大部外諸重譯經,35,441,446,35,742,內藏百寶經,369,後漢,支婁迦讖譯,1,,,
五大部外諸重譯經,35,447,449,35,744,溫室洗浴眾僧經,370,後漢,安世高譯,1,,,
五大部外諸重譯經,35,450,464,35,745,佛說須賴經,371,前涼,支施崙譯,1,,,
五大部外諸重譯經,35,465,474,35,751,菩薩道樹經,372,吳,支謙譯,1,,,
五大部外諸重譯經,35,475,477,35,755,菩薩生地經,373,吳,支謙譯,1,,,
五大部外諸重譯經,35,478,481,35,756,梵女首意經,374,西晉,竺法護譯,1,,,
五大部外諸重譯經,35,482,485,35,757,佛說四不可得經,375,西晉,竺法護譯,1,,,
五大部外諸重譯經,35,486,503,35,759,成具光明定意經,376,後漢,支曜譯,1,,,
五大部外諸重譯經,35,503,522,35,766,佛說寶網經,377,西晉,竺法護譯,1,,,
五大部外諸重譯經,35,523,530,35,773,大方等如來藏經,378,東晉,佛陀跋陀羅譯,1,,,
五大部外諸重譯經,35,531,535,35,776,佛說諸德福田經,379,西晉,法立．法炬共譯,1,,,
五大部外諸重譯經,35,536,539,35,776,佛語經,380,元魏,菩提留支譯,1,,,
五大部外諸重譯經,35,539,545,35,779,金色王經,381,元魏,瞿曇般若流支譯,1,,,
五大部外諸重譯經,35,546,553,35,782,演道俗業經,382,乞伏秦,聖堅譯,1,,,
五大部外諸重譯經,35,554,558,35,785,百佛名經,383,隋,那連提舍譯,1,,,
五大部外諸重譯經,35,559,569,35,787,佛說須賴經,384,曹魏,白延譯,1,,,
五大部外諸重譯經,35,570,573,35,791,菩薩行五十緣身經,385,西晉,竺法護譯,1,,,
五大部外諸重譯經,35,574,580,35,793,菩薩修行經,386,西晉,白法祖譯,1,,,
五大部外諸重譯經,35,580,623,35,1,稱揚諸佛功德經,387,元魏,吉迦夜．瞿曜譯(內文是「曇曜」),3,,,
五大部外諸重譯經,35,624,659,35,19,須真天子經,388,西晉,竺法護譯,2,,,
五大部外諸重譯經,35,660,681,35,33,摩訶摩耶經,389,蕭齊,曇景譯,2,,,
五大部外諸重譯經,35,682,695,35,42,除恐災患經,390,乞伏秦,聖堅譯,1,,,
五大部外諸重譯經,35,695,705,35,47,觀世音菩薩得大勢菩薩受記經,391,劉宋,曇無竭譯,1,,,
五大部外諸重譯經,36,4,18,36,52,佛說孛經抄,392,吳,支謙譯,1,,,
五大部外諸重譯經,36,18,76,36,58,佛說海龍王經,393,西晉,竺法護譯,4,,,
五大部外諸重譯經,36,77,116,36,82,佛說首楞嚴三昧經,394,姚秦,鳩摩羅什譯,3,,,
五大部外諸重譯經,36,117,129,36,98,觀普賢菩薩行法經,395,劉宋,曇無蜜多譯,1,,,
五大部外諸重譯經,36,130,144,36,103,佛說觀藥王藥上二菩薩經,396,劉宋,?良耶舍譯,1,,,
五大部外諸重譯經,36,145,155,36,109,不思議光菩薩所說經,397,姚秦,鳩摩羅什譯,1,,,
五大部外諸重譯經,36,156,355,36,114,十住斷結經,398,姚秦,竺佛念譯,14,,,
五大部外諸重譯經,36,356,389,36,196,諸佛要集經,399,西晉,竺法護譯,2,,,
五大部外諸重譯經,36,390,421,36,210,佛說未曾有因緣經,400,蕭齊,曇景譯,2,,,
五大部外諸重譯經,36,422,26,37,223,菩薩瓔珞經,401,姚秦,竺佛念譯,13,,,
五大部外諸重譯經,37,27,65,37,334,超日明三昧經,402,西晉,聶承遠譯,2,,,
五大部外諸重譯經,37,66,216,37,350,賢劫經,403,西晉,竺法護譯,10,,,
五大部外單譯經,37,217,445,37,411,大法炬陀羅尼經,404,隋,闍那崛多等譯,20,,,
五大部外單譯經,37,446,652,37,505,大威德陀羅尼經,405,隋,闍那崛多等譯,20,,,
五大部外單譯經,38,4,192,38,591,佛說佛名經,406,元魏,菩提留支譯,12,,,
五大部外單譯經,38,193,238,38,668,三劫三千佛名經(又名：賢結千佛名經),407,,失譯,3,,,
五大部外單譯經,38,239,332,38,687,五千五百佛名神?除障滅罪經,408,隋,崛多．笈多等譯,8,,,
五大部外單譯經,38,333,359,38,725,佛說不思議功德諸佛所護念經,409,,,2,,,
五大部外單譯經,38,360,544,38,737,佛說華手經,410,姚秦,鳩摩羅什譯,10,,,
五大部外單譯經,38,545,592,38,812,大方等陀羅尼經,411,北涼,法眾譯,4,,,
五大部外單譯經,38,593,632,38,831,僧伽吒經,412,元魏,月婆首那譯,4,,,
五大部外單譯經,38,633,661,38,848,力莊嚴三昧經,413,隋,那連提耶舍譯,3,,,
五大部外單譯經,38,662,685,38,859,大方廣圓覺修多羅了義經,414,唐,佛陀多羅譯,1,,,
五大部外單譯經,39,4,126,39,1,觀佛三昧海經,415,東晉,佛陀跋陀羅譯,10,,,
五大部外單譯經,39,127,225,39,51,大方便佛報恩經,416,,,7,,,
五大部外單譯經,39,226,263,39,91,菩薩本行經,417,,失譯,3,,,
五大部外單譯經,39,264,361,39,107,法集經,418,元魏,菩提留支譯,6,,,
五大部外單譯經,39,361,411,39,146,觀察諸法行經,419,隋,闍那崛多譯,4,,,
五大部外單譯經,39,412,507,39,167,菩薩處胎經,420,姚秦,竺佛念譯,5,,,
五大部外單譯經,39,507,549,39,205,弘道廣顯三昧經,421,西晉,竺法護譯,4,,,
五大部外單譯經,39,550,561,39,222,佛說施燈功德經,422,高齊,那連提黎耶舍譯,1,,,
五大部外單譯經,39,561,627,39,228,央掘魔羅經,423,劉宋,求那跋陀羅譯,4,,,
五大部外單譯經,39,628,678,39,254,無所有菩薩經,424,隋,闍那崛多等譯,4,,,
五大部外單譯經,40,4,33,40,275,佛說明度五十校計經,425,後漢,安世高譯,2,,,
五大部外單譯經,40,34,58,40,288,中陰經,426,姚秦,竺佛念譯,2,,,
五大部外單譯經,40,58,82,40,298,大法鼓經,427,劉宋,求那跋陀羅譯,2,,,
五大部外單譯經,40,83,123,40,307,文殊師利所問經,428,梁,僧伽婆羅譯,2,,,
五大部外單譯經,40,123,144,40,324,月上女經,429,隋,闍那崛多譯,2,,,
五大部外單譯經,40,144,163,40,332,大方廣如來秘密藏經,430,,失譯,2,,,
五大部外單譯經,40,164,211,40,340,大乘密嚴經,431,唐,地婆訶羅譯,3,,,
五大部外單譯經,40,212,234,40,359,占察善惡業報經,432,隋,菩提登譯,2,,,
五大部外單譯經,40,235,253,40,368,佛說蓮華面經,433,隋,那連提黎耶舍譯,2,,,
五大部外單譯經,40,253,269,40,376,文殊師利問菩薩署經,434,後漢,支婁迦讖譯,1,,,
五大部外單譯經,40,270,285,40,382,大乘造像功德經,435,唐,提雲般若等譯,2,,,
五大部外單譯經,40,286,320,40,389,廣大寶樓閣善住秘密陀羅尼經,436,唐,菩提流志譯,3,,,
五大部外單譯經,40,321,416,40,403,一字佛頂輪王經,437,唐,菩提流志譯,6,,,
五大部外單譯經,40,417,428,40,441,大陀羅尼末法中一字心呪經,438,唐,寶思惟譯,1,,,
五大部外單譯經,40,429,535,40,447,大佛頂如來密因修證了義諸菩薩萬行首楞嚴經,439,唐,般利密帝譯,10,,,
五大部外單譯經,40,535,647,40,491,大毗盧遮那成佛神變加持經,440,唐,輸波迦羅．一行譯,7,,,
五大部外單譯經,40,648,687,40,536,蘇婆呼童子經,441,唐,輸波伽羅譯,3,,,
五大部外單譯經,41,9,80,41,553,蘇悉地羯羅經,442,唐,輸波迦羅譯,3,,,
五大部外單譯經,41,80,105,41,581,牟梨曼陀羅呪經,443,,,1,,,
五大部外單譯經,41,106,179,41,592,金剛頂瑜伽中略出念誦經,444,唐,金剛智譯,4,,,
五大部外單譯經,41,180,236,41,622,七佛所說神呪經,445,,失譯,4,,,
五大部外單譯經,41,237,267,41,645,大吉義神呪經,446,元魏,曇曜譯,2,,,
五大部外單譯經,41,268,288,41,657,文殊師利寶藏陀羅尼經,447,唐,菩提流志譯,1,,,
五大部外單譯經,41,289,305,41,666,金剛光焰止風雨陀羅尼經,448,唐,菩提流志譯,1,,,
五大部外單譯經,41,306,308,41,672,阿吒婆拘鬼神大將上佛陀羅尼神呪經,449,,,1,,一十一经同卷,
五大部外單譯經,41,309,310,41,674,佛說大普賢陀羅尼經,450,,失譯,1,,一十一经同卷,
五大部外單譯經,41,311,311,41,674,佛說大七寶陀羅尼經,451,,失譯,1,,一十一经同卷,
五大部外單譯經,41,311,312,41,674,六字大陀羅尼呪經,452,,失譯,1,,一十一经同卷,
五大部外單譯經,41,312,315,41,675,佛說安宅神呪經,453,,失譯,1,,一十一经同卷,
五大部外單譯經,41,315,316,41,676,幻師颰陀神呪經,454,西晉,竺曇無蘭譯,1,,一十一经同卷,
五大部外單譯經,41,316,317,41,676,佛說辟除賊害呪經,455,,失譯,1,,一十一经同卷,
五大部外單譯經,41,317,317,41,677,佛說呪時氣病經,456,東晉,竺曇無蘭譯,1,,一十一经同卷,
五大部外單譯經,41,317,317,41,677,佛說呪齒經,457,東晉,竺曇無蘭譯,1,,一十一经同卷,
五大部外單譯經,41,318,318,41,677,佛說呪目經,458,東晉,竺曇無蘭譯,1,,一十一经同卷,
五大部外單譯經,41,318,319,41,677,佛說呪小兒經,459,東晉,竺曇無蘭譯,1,,一十一经同卷,
五大部外單譯經,41,320,322,41,678,阿彌陀鼓音聲王陀羅尼經,460,,失譯,1,,,
五大部外單譯經,41,323,325,41,679,佛說摩尼羅亶經,461,東晉,竺曇無蘭譯,1,,,
五大部外單譯經,41,325,328,41,680,佛說護諸童子陀羅尼呪經,462,元魏,菩提留支譯,1,,,
五大部外單譯經,41,328,330,41,681,諸佛心陀羅尼經,463,唐,玄奘譯,1,,,
五大部外單譯經,41,330,331,41,682,拔濟苦難陀羅尼經,464,唐,玄奘譯,1,,,
五大部外單譯經,41,332,332,41,682,八名普密陀羅尼經,465,唐,玄奘譯,1,,,
五大部外單譯經,41,333,335,41,683,佛說持世陀羅尼經,466,唐,玄奘譯,1,,,
五大部外單譯經,41,336,336,41,684,佛說六門陀羅尼經,467,唐,玄奘譯,1,,,
五大部外單譯經,41,337,341,41,684,清淨觀世音菩薩普賢陀羅尼經,468,唐,智通譯,1,,,
五大部外單譯經,41,342,342,41,686,佛說檀持羅麻油述經,469,晉,竺曇無蘭譯,1,,,
五大部外單譯經,41,343,345,41,687,諸佛集會陀羅尼經,470,唐,提雲般若等譯,1,,三经合卷,
五大部外單譯經,41,346,348,41,688,佛說智炬陀羅尼經,471,唐,提雲般若等譯,1,,三经合卷,
五大部外單譯經,41,349,360,41,689,佛說隨求即得大自在陀羅尼神呪經,472,唐,寶思惟譯,1,,三经合卷,
五大部外單譯經,41,360,361,41,693,百千印陀羅尼經,473,唐,實叉難陀譯,1,,,
五大部外單譯經,41,362,363,41,694,佛說救面然餓鬼陀羅尼神呪經,474,唐,實叉難陀譯,1,,,
五大部外單譯經,41,364,366,41,694,莊嚴王陀羅尼呪經,475,唐,義淨譯,1,,,
五大部外單譯經,41,367,368,41,695,香王菩薩陀羅尼呪經,476,唐,義淨譯,1,,,
五大部外單譯經,41,369,370,41,696,佛說拔除罪障呪王經,477,唐,義淨譯,1,,四经合卷,
五大部外單譯經,41,371,380,41,697,佛說一切功德莊嚴王經,478,唐,義淨譯,1,,四经合卷,
五大部外單譯經,41,381,384,41,701,虛空藏菩薩能滿諸願最勝心陀羅尼求聞持法,479,唐,輸波迦羅譯,1,,四经合卷,
五大部外單譯經,41,384,386,41,702,佛說善夜經,480,唐,義淨譯,1,,四经合卷,
五大部外單譯經,41,387,394,41,703,金剛頂經曼殊室利菩薩五字心陀羅尼品,481,唐,金剛智譯,1,,二经同卷,
五大部外單譯經,41,395,402,41,708,觀自在如意輪菩薩瑜伽法要,482,唐,金剛智譯,1,,二经同卷,
五大部外單譯經,41,403,410,41,710,佛說佛地經,483,唐,玄奘譯,1,,二经同卷,
五大部外單譯經,41,410,415,41,712,佛遺教經,484,後秦,鳩摩羅什譯,1,,二经同卷,
五大部外單譯經,41,416,425,41,715,出生菩提心經,485,隋,闍那崛多等譯,1,,二经同卷,
五大部外單譯經,41,426,428,41,718,佛說佛印三昧經,486,後漢,安世高譯,1,,二经同卷,
五大部外單譯經,41,428,431,41,720,文殊師利般涅槃經,487,西晉,聶道真譯,1,,二经同卷,
五大部外單譯經,41,432,439,41,721,異出菩薩本起經,488,西晉,聶道真譯,1,,二经同卷,
五大部外單譯經,41,440,441,41,724,佛說賢首經,489,乞伏秦,聖堅譯,1,,二经同卷,
五大部外單譯經,41,442,456,41,725,千佛因緣經,490,姚秦,鳩摩羅什譯,1,,二经同卷,
五大部外單譯經,41,457,459,41,731,佛說月明菩薩經,491,吳,支謙譯,1,,四经合卷,
五大部外單譯經,41,460,462,41,732,佛說心明經,492,西晉,竺法護譯,1,,四经合卷,
五大部外單譯經,41,462,467,41,733,佛說滅十方冥經,493,西晉,竺法護譯,1,,四经合卷,
五大部外單譯經,41,468,473,41,735,佛說鹿母經,494,西晉,竺法護譯,1,,四经合卷,
五大部外單譯經,41,474,488,41,737,佛說魔逆經,495,西晉,竺法護譯,1,,,
五大部外單譯經,41,489,503,41,744,佛說賴吒和羅所問德光太子經,496,西晉,竺法護譯,1,,,
五大部外單譯經,41,504,516,41,750,[商/貝]主天子所問經,497,隋,闍那崛多等譯,1,,,
五大部外單譯經,41,517,535,41,755,諸法最上王經,498,隋,闍那崛多等譯,1,,,
五大部外單譯經,41,535,541,41,762,大乘四法經,499,唐,實叉難陀譯,1,,二经合卷,
五大部外單譯經,41,542,546,41,765,離垢慧菩薩所問禮佛法經,500,唐,那提譯,1,,二经合卷,
五大部外單譯經,41,547,557,41,767,寂照神變三摩地經,501,唐,玄奘譯,1,,,
五大部外單譯經,41,557,559,41,771,佛說造塔功德經,502,唐,地婆訶羅譯,1,,三经合卷,
五大部外單譯經,41,559,563,41,772,佛說不增不減經,503,元魏,菩提留支譯,1,,三经合卷,
五大部外單譯經,41,564,568,41,774,佛說堅固女經,504,隋,那連提耶舍譯,1,,三经合卷,
五大部外單譯經,41,569,570,41,776,佛說大乘流轉諸有經,505,唐,義淨譯,1,,三经同卷,
五大部外單譯經,41,570,574,41,776,佛說大意經,506,劉宋,求那跋陀羅譯,1,,三经同卷,
五大部外單譯經,41,575,578,41,778,受持七佛名號所生功德經,507,唐,玄奘譯,1,,三经同卷,
五大部外單譯經,41,578,579,41,779,佛為海龍王說法印經,508,唐,義淨譯,1,,四经合卷,
五大部外單譯經,41,579,581,41,780,右遶佛塔功德經,509,唐,實叉難陀譯,1,,四经合卷,
五大部外單譯經,41,582,582,41,780,般泥洹後灌臘經,510,西晉,竺法護譯,1,,四经合卷,
五大部外單譯經,41,583,585,41,781,妙色王因緣經,511,唐,義淨譯,1,,四经合卷,
五大部外單譯經,41,586,588,41,782,佛說師子素馱娑王斷肉經,512,唐,智嚴譯,1,,三经合卷,
五大部外單譯經,41,589,591,41,783,差摩婆帝受記經,513,元魏,菩提留支譯,1,,三经合卷,
五大部外單譯經,41,592,595,41,784,師子莊嚴王菩薩請問經,514,唐,那提譯,1,,三经合卷,
五大部外單譯經,41,596,598,41,786,有德女所問大乘經,515,唐,菩提流志譯,1,,三经合卷,
五大部外單譯經,41,599,602,41,787,佛臨涅槃記法住經,516,唐,玄奘譯,1,,三经合卷,
五大部外單譯經,41,602,604,41,788,佛說八部佛名經,517,元魏,瞿曇般若流支譯,1,,三经合卷,
五大部外單譯經,41,605,607,41,790,菩薩內習六波羅蜜經,518,後漢,嚴佛調譯,1,,二经合卷,
五大部外單譯經,41,608,616,41,790,菩薩投身飼餓虎起塔因緣經,519,北涼,法盛譯,1,,二经合卷,
五大部外單譯經,41,617,622,41,794,金剛三昧本性清淨不壞不滅經,520,,,1,,二经合卷,
五大部外單譯經,41,623,628,41,796,佛說師子月佛本生經,521,,,1,,二经合卷,
五大部外單譯經,41,629,631,41,799,佛說長者法志妻經,522,,,1,,三经合卷,
五大部外單譯經,41,632,634,41,800,佛說薩羅國經,523,,失譯,1,,三经合卷,
五大部外單譯經,41,635,636,41,801,佛說十吉祥經,524,,失譯,1,,三经合卷,
五大部外單譯經,41,637,641,41,802,長者女菴提遮師子吼了義經,525,,失譯,1,,二经合卷,
五大部外單譯經,41,642,645,41,804,一切智光明仙人慈心因緣不食肉經,526,,失譯,1,,二经合卷,
五大部外單譯經,41,646,667,41,805,金剛三昧經,527,,,2,,,
五大部外單譯經,41,668,669,41,814,佛說法滅盡經,528,,失譯,1,,,
五大部外單譯經,41,670,673,41,814,佛說甚深大迴向經,529,,失譯,1,,,
五大部外單譯經,41,673,674,41,815,天王太子辟羅經,530,,失譯,1,,,
五大部外單譯經,41,675,700,41,816,優婆夷淨行法門經,531,,失譯,2,,,
五大部外單譯經,42,5,5,42,827,八大人覺經,532,後漢,安世高譯,1,,五经合卷,
五大部外單譯經,42,6,7,42,827,佛說三品弟子經,533,吳,支謙譯,1,,五经合卷,
五大部外單譯經,42,8,10,42,828,佛說四輩經,534,西晉,竺法護譯,1,,五经合卷,
五大部外單譯經,42,10,12,42,828,佛說當來變經,535,西晉,竺法護譯,1,,五经合卷,
五大部外單譯經,42,12,13,42,829,過去佛分衛經,536,西晉,竺法護譯,1,,五经合卷,
五大部外單譯經,42,14,17,42,830,佛說十二頭陀經,537,劉宋,求那跋陀羅譯,1,,四经合卷,
五大部外單譯經,42,18,19,42,831,佛說樹提伽經,538,劉宋,求那跋陀羅譯,1,,四经合卷,
五大部外單譯經,42,20,23,42,832,佛說長壽王經,539,,,1,,四经合卷,
五大部外單譯經,42,24,24,42,833,佛說法常住經,540,,,1,,四经合卷,
大乘律,42,25,166,42,835,菩薩地持經,541,北涼,曇無讖譯,8,,,
大乘律,42,167,298,42,893,菩薩善戒經,542,劉宋,求那跋摩等譯,9,,,
大乘律,42,299,310,42,946,菩薩善戒經,543,劉宋,求那跋摩等譯,1,,,
大乘律,42,310,322,42,951,佛說淨業障經,544,,失譯,1,,,
大乘律,42,322,351,42,1,佛說梵網經,545,姚秦,鳩摩羅什譯,2,,,
大乘律,42,352,365,42,12,佛說受十善戒經,546,,,1,,,
大乘律,42,366,467,42,18,優婆塞戒經,547,北涼,曇無讖譯,7,,,
大乘律,42,468,498,42,60,菩薩瓔珞本業經,548,姚秦,竺佛念譯,2,,,
大乘律,42,499,513,42,72,菩薩戒本,549,唐,玄奘譯,1,,,
大乘律,42,514,521,42,78,菩薩戒本經,550,北涼,曇無讖譯,1,,,
大乘律,42,522,526,42,82,菩薩戒羯磨文,551,唐,玄奘譯,1,,,
大乘律,42,527,580,42,84,佛藏經,552,姚秦,鳩摩羅什譯,4,,,
大乘律,42,581,593,42,106,佛說菩薩內戒經,553,劉宋,求那跋摩譯,1,,,
大乘律,42,594,605,42,111,優婆塞五戒威儀經,554,劉宋,求那跋摩譯,1,,,
大乘律,42,606,616,42,116,佛說文殊師利淨律經,555,西晉,竺法護譯,1,,,
大乘律,42,617,629,42,120,清淨毗尼方廣經,556,姚秦,鳩摩羅什譯,1,,,
大乘律,42,630,643,42,125,寂調音所問經,557,劉宋,法海譯,1,,,
大乘律,42,644,653,42,131,大乘三聚懺悔經,558,隋,闍那崛多．笈多等譯,1,,,
大乘律,42,654,655,42,135,菩薩五法懺悔經,559,,失譯,1,,二经合卷,
大乘律,42,656,663,42,135,菩薩藏經,560,,僧伽婆羅譯,1,,二经合卷,
大乘律,42,664,669,42,139,三曼陀?陀羅菩薩經,561,西晉,聶道真譯,1,,三经合卷,
大乘律,42,669,670,42,141,菩薩受齋經,562,西晉,聶道真譯,1,,三经合卷,
大乘律,42,670,20,43,141,舍利弗悔過經,563,後漢,安世高譯,1,,三经合卷,
大乘律,43,4,20,43,143,佛說文殊悔過經,564,西晉,竺法護譯,1,,,
大乘律,43,20,26,43,150,法律三昧經,565,吳,支謙譯,1,,二经合卷,
大乘律,43,26,30,44,152,十善業道經,566,唐,實叉難陀譯,1,,二经合卷,
大乘論/釋經論,43,31,292,45,154,大智度論,567,姚秦,鳩摩羅什譯,100,,此经跨三册（43-44-45）,
釋經論,45,293,480,45,806,十地經論,568,元魏,菩提留支譯,12,,,
釋經論,45,480,577,45,883,彌勒菩薩所問經論,569,元魏,菩提留支譯,7,,,
釋經論,45,578,642,45,922,大寶積經論,570,元魏,菩提留支譯,4,,,
釋經論,45,642,651,45,948,寶髻經四法優波提舍,571,元魏,毗目智仙等譯,1,,,
釋經論,46,3,91,46,1,佛地經論,572,唐,玄奘譯,7,,,
釋經論,46,91,125,46,37,金剛般若波羅蜜經論,573,隋,達摩岌多譯,3,,,
釋經論,46,126,129,46,51,能斷金剛般若波羅蜜多經論頌,574,唐,義淨譯,1,,,
釋經論,46,129,167,46,53,金剛般若波羅蜜經論,575,元魏,菩提留支譯,3,,,
釋經論,46,168,191,46,68,能斷金剛般若波羅蜜多經論釋,576,唐,義淨譯,3,,,
釋經論,46,192,194,46,78,略明般若末後一頌讚述,577,,,1,,《閱藏知津‧卷十五》謂此文為唐‧義淨述。,
釋經論,46,195,221,46,79,金剛般若波羅蜜經破取著不壞假名論,578,,地婆訶羅譯,2,,,
釋經論,46,221,243,46,90,文殊師利菩薩問菩提經論,579,元魏,菩提留支譯,2,,,
釋經論,46,244,265,46,100,妙法蓮華經論優波提舍,580,元魏,勒那摩提．僧朗等譯,2,,,
釋經論,46,266,288,46,109,妙法蓮華經優波提舍,581,元魏,菩提留支．曇林等譯,2,,,
釋經論,46,289,333,46,118,勝思惟梵天所問經論,582,元魏,菩提留支譯,3,,,
釋經論,46,334,354,46,136,遺教經論,583,陳,真諦譯,1,,,
釋經論,46,355,362,46,145,大般涅槃經論,584,元魏,達摩菩提譯,1,,二经合卷,
釋經論,46,363,367,46,148,涅槃經本有今無偈論,585,陳,真諦譯,1,,二经合卷,
釋經論,46,368,373,46,150,無量壽經優波提舍願生偈,586,元魏,菩提留支譯,1,,二经合卷,
釋經論,46,374,381,46,152,轉法輪經優波提舍,587,元魏,毗目智仙等譯,1,,二经合卷,
釋經論,46,382,395,46,155,三具足經優波提舍,588,元魏,毗目智仙等譯,1,,,
集義論,46,396,469,48,161,瑜伽師地論,589,,玄奘譯,100,,此经跨三册（46-47-48）,
集義論,48,469,68,49,734,顯揚聖教論,590,唐,玄奘譯,20,,此经跨二册（48-49),
集義論,49,69,143,49,838,大乘阿毗達磨集論,591,唐,玄奘譯,7,,,
集義論,49,144,156,49,868,王法正理論,592,唐,玄奘譯,1,,,
集義論,49,157,169,49,874,瑜伽師地論釋,593,唐,玄奘譯,1,,,
集義論,49,169,181,49,879,顯揚聖教論頌,594,唐,玄奘譯,1,,,
集義論,49,182,373,49,884,大乘阿毗達磨雜集論,595,唐,玄奘譯,16,,,
集義論,49,374,458,49,31,中論,596,姚秦,鳩摩羅什譯,4,,,
集義論,49,459,663,49,65,般若燈論,597,唐,波羅頗迦羅蜜多羅譯,15,,,
集義論,50,3,22,50,148,十二門觀論,598,姚秦,鳩摩羅什譯,1,,,
集義論,50,23,37,50,156,十八空論,599,陳,真諦譯,1,,,
集義論,50,38,71,50,162,百論,600,姚秦,鳩摩羅什譯,2,,,
集義論,50,71,79,50,176,廣百論本,601,唐,玄奘譯,1,,,
集義論,50,80,235,50,180,廣百論釋論,602,唐,玄奘譯,10,,,
集義論,50,235,462,50,243,十住毗婆沙論,603,姚秦,鳩摩羅什譯,15,,,
集義論,50,462,519,50,335,菩提資粮論,604,隋,達磨笈多譯,6,,,
集義論,50,520,31,51,360,大乘莊嚴經論,605,唐,波羅頗迦羅蜜多羅譯,13,,此经跨二册（50-51),
集義論,51,32,215,51,430,大莊嚴經論,606,姚秦,鳩摩羅什譯,15,,,
集義論,51,216,241,51,505,順中論,607,元魏,瞿曇般若流支譯,2,,,
集義論,51,242,289,51,515,攝大乘論,608,陳,真諦譯,3,,,
集義論,51,290,325,51,535,攝大乘論,609,元魏,佛陀扇多譯,2,,,
集義論,51,326,373,51,549,攝大乘論本,610,唐,玄奘譯,3,,,
集義論,51,374,656,51,569,攝大乘論釋,611,陳,真諦譯,15,,,
集義論,52,4,123,52,685,攝大乘論釋,612,隋,達摩笈多譯,10,,,
集義論,52,124,259,52,734,攝大乘論釋,613,唐,玄奘譯,10,,,
集義論,52,260,430,52,789,攝大乘論釋,614,唐,玄奘譯,10,,,
集義論,52,431,493,52,859,佛性論,615,陳,真諦譯,4,,,
集義論,52,493,534,52,884,決定藏論,616,梁,真諦譯,3,,,
集義論,52,535,539,52,901,辯中邊論頌,617,唐,玄奘譯,1,,,
集義論,52,540,570,52,903,中邊分別論,618,陳,真諦譯,2,,,
集義論,52,571,602,52,1,辯中邊論,619,唐,玄奘譯,3,,,
集義論,52,603,677,52,14,究竟一乘寶性論,620,元魏,勒那摩提譯,5,,,
集義論,53,6,15,53,44,業成就論,621,元魏,毗目智仙譯,1,,,
集義論,53,15,28,53,48,大乘成業論,622,唐,玄奘譯,1,,,
集義論,53,28,40,53,53,因明正理門論本,623,唐,玄奘譯,1,,,
集義論,53,40,52,53,59,因明正理門論,624,唐,義淨譯,1,,,
集義論,53,53,58,53,64,因明入正理論,625,唐,玄奘譯,1,,二经合卷,
集義論,53,58,68,53,66,顯識論,626,陳,真諦譯,1,,二经合卷,
集義論,53,69,74,53,70,轉識論,627,陳,真諦譯,1,,,
集義論,53,74,91,53,72,唯識論,628,元魏,菩提流支譯,1,,,
集義論,53,91,99,53,79,大乘唯識論,629,陳,真諦譯,1,,三经同卷,
集義論,53,100,107,53,82,唯識二十論,630,唐,玄奘譯,1,,三经同卷,
集義論,53,107,155,53,85,成唯識寶生論,631,唐,義淨譯,5,,三经同卷,
集義論,53,156,158,53,105,唯識三十論,632,唐,玄奘譯,1,,,
集義論,53,159,296,53,107,成唯識論,633,唐,玄奘譯,10,,,
集義論,53,297,323,53,163,大丈夫論,634,北涼,道泰譯,2,,,
集義論,53,324,355,53,174,入大乘論,635,北涼,道泰譯,2,,,
集義論,53,356,380,53,187,大乘掌珍論,636,唐,玄奘譯,2,,,
集義論,53,381,393,53,197,大乘廣五蘊論,637,唐,地婆訶羅譯,1,,二论同卷,
集義論,53,393,399,53,202,大乘五蘊論,638,唐,玄奘譯,1,,二论同卷,
集義論,53,400,419,53,204,寶行王正論,639,陳,真諦譯,1,,,
集義論,53,420,439,53,212,大乘起信論,640,梁,真諦譯,1,,,
集義論,53,439,457,53,221,大乘起信論,641,唐,實叉難陀譯,2,,,
集義論,53,458,478,53,228,發菩提心論,642,姚秦,鳩摩羅什譯,2,,,
集義論,53,479,505,53,237,三無性論,643,陳,真諦譯,2,,,
集義論,53,506,518,53,248,方便心論,644,後魏,吉迦夜．曇曜譯,1,,,
集義論,53,519,536,53,253,如實論,645,陳,真諦譯,1,,,
集義論,53,537,539,53,260,無相思塵論,646,陳,真諦譯,1,,二经合卷,
集義論,53,539,541,53,261,觀所緣緣論,647,唐,玄奘譯,1,,二经合卷,
集義論,53,542,552,53,262,觀所緣論釋,648,唐,義淨譯,1,,,
集義論,53,553,575,53,267,迴諍論,649,後魏,毗目智仙等譯,1,,,
集義論,53,576,585,53,276,緣生論,650,隋,達摩笈多譯,1,,,
集義論,53,586,588,53,280,十二因緣論,651,元魏,菩提留支譯,1,,三经同卷,
集義論,53,588,590,53,281,壹輸盧迦論,652,元魏,瞿曇般若流支譯,1,,三经同卷,
集義論,53,590,592,53,281,大乘百法明門論,653,唐,玄奘譯,1,,三经同卷,
集義論,53,592,598,53,282,百字論,654,元魏,菩提留支譯,1,,三经同卷,
集義論,53,598,600,53,285,解拳論,655,陳,真諦譯,1,,三经同卷,
集義論,53,600,602,53,285,掌中論,656,唐,義淨譯,1,,三经同卷,
集義論,53,602,608,53,286,取因假設論,657,唐,義淨譯,1,,二经同卷,
集義論,53,608,609,53,289,觀總相論頌,658,唐,義淨譯,1,,二经同卷,
集義論,53,610,612,53,289,止觀門論頌,659,唐,義淨譯,1,,二经同卷,
集義論,53,613,618,53,290,手杖論,660,唐,義淨譯,1,,二经同卷,
集義論,53,619,626,53,293,六門教授習定論,661,唐,義淨譯,1,,,
集義論,53,627,631,53,296,大乘法界無差別論,662,唐,提雲般若等譯,1,,三经同卷,
集義論,53,632,635,53,298,提婆菩薩破楞伽經中外道小乘四宗論,663,元魏,菩提留支譯,1,,三经同卷,
集義論,53,635,639,53,299,提婆菩薩破楞伽經中外道小乘涅槃論,664,元魏,菩提留支譯,1,,三经同卷,
阿含部,53,640,411,54,302,佛說長阿含經,665,姚秦,佛陀耶舍．竺佛念譯,22,,此经跨二册（53-54),
阿含部,54,412,527,55,440,中阿含經,666,東晉,瞿曇僧伽提婆譯,60,,此经跨二册（54-55),
阿含部,55,528,503,56,801,增壹阿含經,667,符秦,曇摩難提譯,50,,此经跨二册（55-56),
阿含部,56,504,670,57,105,雜阿含經,668,宋,求那跋陀羅譯,50,,此经跨二册（56-57),
阿含部,58,4,257,58,441,別譯雜阿含經,669,,失譯,20,,,
阿含部,58,258,294,58,544,佛般泥洹經,670,西晉,白法祖譯,2,,,
阿含部,58,295,330,58,558,佛說方等泥洹經,671,,失譯,2,,,
阿含部,58,331,369,58,573,大般涅槃經,672,東晉,法顯譯,3,,,
阿含部,58,370,380,58,589,佛說人本欲生經,673,後漢,安世高譯,1,,,
阿含部,58,381,391,58,593,佛說梵志阿颰經,674,吳,支謙譯,1,,,
阿含部,58,392,407,58,597,佛說梵網六十二見經,675,吳,支謙譯,1,,二经同卷,
阿含部,58,407,411,58,603,佛說尸迦羅越六方禮經,676,後漢,,1,,二经同卷,
阿含部,58,411,424,58,605,佛說寂志果經,677,東晉,竺曇無蘭譯,1,,,
阿含部,58,424,554,58,611,起世經,678,隋,闍那崛多等譯,10,,,
阿含部,58,554,37,58,665,起世因本經,679,隋,達摩笈多等譯,10,a,,a
阿含部,59,38,116,59,719,樓炭經,680,西晉,法炬．法立譯,6,,,
阿含部,59,117,136,59,751,長阿含十報法經,681,後漢,安世高譯,2,,,
阿含部,59,137,175,59,759,中本起經,682,後漢,曇果．康孟詳譯,2,,,
阿含部,59,176,177,59,776,佛說七知經,683,吳,支謙譯,1,,三经同卷,
阿含部,59,178,179,59,776,佛說鹹水喻經,684,,失譯,1,,三经同卷,
阿含部,59,180,183,59,777,佛說一切流攝守因經,685,後漢,安世高譯,1,,三经同卷,
阿含部,59,184,190,59,778,佛說四諦經,686,後漢,安世高譯,1,,三经同卷,
阿含部,59,191,193,59,781,佛說恒水經,687,西晉,法炬譯,1,,三经同卷,
阿含部,59,194,195,59,782,佛說本相倚致經,688,後漢,安世高譯,1,,三经同卷,
阿含部,59,196,197,59,783,佛說緣本致經,689,,失譯,1,,三经同卷,
阿含部,59,198,202,59,783,佛說頂生王故事經,690,西晉,法炬譯,1,,三经同卷,
阿含部,59,202,205,59,785,佛說文陀竭王經,691,北涼,曇無讖譯,1,,三经同卷,
阿含部,59,205,207,59,786,佛說閻羅王五天使者經,692,宋,慧簡譯,1,,三经同卷,
阿含部,59,208,211,59,787,佛說鐵城泥?經,693,東晉,竺曇無蘭譯,1,,三经同卷,
阿含部,59,212,216,59,788,佛說古來世時經,694,,失譯,1,,三经同卷,
阿含部,59,216,219,59,790,佛說阿那律八念經,695,後漢,支曜譯,1,,三经同卷,
阿含部,59,220,221,59,791,佛說離睡經,696,西晉,竺法護譯,1,,三经同卷,
阿含部,59,222,224,59,792,佛說是法非法經,697,後漢,安世高譯,1,,三经同卷,
阿含部,59,225,232,59,793,佛說求欲經,698,西晉,法炬譯,1,,三经同卷,
阿含部,59,233,235,59,796,佛說受歲經,699,西晉,竺法護譯,1,,三经同卷,
阿含部,59,236,237,59,797,佛說梵志計水淨經,700,,失譯,1,,三经同卷,
阿含部,59,238,241,59,798,佛說苦陰經,701,,失譯,1,,三经同卷,
阿含部,59,242,244,59,799,佛說釋摩男本經,702,吳,支謙譯,1,,三经同卷,
阿含部,59,245,249,59,801,佛說苦陰因事經,703,西晉,法炬譯,1,,三经同卷,
阿含部,59,249,250,59,802,佛說樂想經,704,西晉,竺法護譯,1,,,
阿含部,59,251,255,59,803,佛說漏分布經,705,後漢,安世高譯,1,,,
阿含部,59,256,260,59,804,佛說阿耨?經,706,東晉,竺曇無蘭譯,1,,,
阿含部,59,261,261,59,806,佛說諸法本經,707,吳,支謙譯,1,,三经同卷,
阿含部,59,262,266,59,806,佛說瞿曇彌記果經,708,劉宋,慧簡譯,1,,三经同卷,
阿含部,59,267,269,59,808,佛說瞻婆比丘經,709,西晉,法炬譯,1,,三经同卷,
阿含部,59,270,272,59,810,佛說伏婬經,710,西晉,法炬譯,1,,三经同卷,
阿含部,59,272,278,59,810,佛說魔嬈亂經,711,,失譯,1,,三经同卷,
阿含部,59,279,283,59,813,佛說弊魔試目連經,712,吳,支謙譯,1,,三经同卷,
阿含部,59,284,291,59,815,佛說賴吒和羅經,713,吳,支謙譯,1,,四经同卷,
阿含部,59,292,297,59,818,佛說善生子經,714,西晉,支法度譯,1,,四经同卷,
阿含部,59,298,301,59,820,佛說數經,715,西晉,法炬譯,1,,四经同卷,
阿含部,59,302,307,59,821,佛說梵志頞波羅延問種尊經,716,東晉,竺曇無蘭譯,1,,四经同卷,
阿含部,59,308,308,59,824,三歸五戒慈心猒離功德經,717,,失譯,1,,四经同卷,
阿含部,59,309,311,59,824,佛說須達經,718,蕭齊,求那毗地譯,1,,四经同卷,
阿含部,59,312,314,59,825,佛為黃竹園老婆羅門說學經,719,,失譯,1,,四经同卷,
阿含部,59,315,322,59,826,佛說梵摩喻經,720,吳,支謙譯,1,,四经同卷,
阿含部,59,323,325,59,829,佛說尊上經,721,西晉,竺法護譯,1,,五经同卷,
阿含部,59,326,332,59,830,佛說鸚鵡經,722,劉宋,求那跋陀羅譯,1,,五经同卷,
阿含部,59,333,335,59,832,佛說兜調經,723,,失譯,1,,五经同卷,
阿含部,59,336,337,59,834,佛說意經,724,西晉,竺法護譯,1,,五经同卷,
阿含部,59,338,340,59,834,佛說應法經,725,西晉,竺法護譯,1,,五经同卷,
阿含部,59,341,350,59,836,佛說泥犁經,726,東晉,竺曇無蘭譯,1,,三经同卷,
阿含部,59,351,353,59,839,優婆夷墮舍迦經,727,,失譯,1,,三经同卷,
阿含部,59,354,357,59,840,佛說齋經,728,吳,支謙譯,1,,三经同卷,
阿含部,59,357,360,59,842,佛說鞞摩肅經,729,宋,求那跋陀羅譯,1,,六经同卷,
阿含部,59,361,363,59,843,佛說婆羅門子命[歹*冬]愛念不離經,730,後漢,安世高譯,1,,六经同卷,
阿含部,59,364,366,59,844,佛說十支居士八城人經,731,後漢,安世高譯,1,,六经同卷,
阿含部,59,366,367,59,845,佛說邪見經,732,,失譯,1,,六经同卷,
阿含部,59,368,370,59,845,佛說箭喻經,733,,失譯,1,,六经同卷,
阿含部,59,371,377,59,846,佛說普法義經,734,後漢,安世高譯,1,,六经同卷,
阿含部,59,378,384,59,849,佛說廣義法門經,735,陳,真諦譯,1,,三经同卷,
阿含部,59,385,386,59,852,佛說戒德香經,736,東晉,竺曇無蘭譯,1,,三经同卷,
阿含部,59,387,389,59,852,佛說四人出現世間經,737,宋,求那跋陀羅譯,1,,三经同卷,
阿含部,59,390,392,59,853,佛說波斯匿王太后崩塵土坌身經,738,西晉,法炬譯,1,,二经同卷,
阿含部,59,392,404,59,854,須摩提女經,739,吳,支謙譯,1,,二经同卷,
阿含部,59,405,405,59,859,佛說婆羅門避死經,740,後漢,安世高譯,1,,五经同卷,
阿含部,59,406,407,59,860,食施獲五福報經,741,,失譯,1,,五经同卷,
阿含部,59,407,410,59,860,頻婆娑羅王詣佛供養經,742,西晉,法炬譯,1,,五经同卷,
阿含部,59,411,412,59,861,佛說長者子六過出家經,743,宋,慧簡譯,1,,五经同卷,
阿含部,59,413,417,59,862,佛說鴦崛摩經,744,西晉,竺法護譯,1,,五经同卷,
阿含部,59,418,422,59,1,佛說力士移山經,745,西晉,竺法護譯,1,,四经同卷,
阿含部,59,422,423,59,2,佛說四未曾有法經,746,西晉,竺法護譯,1,,四经同卷,
阿含部,59,424,426,59,3,佛說舍利弗目犍連遊四衢經,747,後漢,康孟詳譯,1,,四经同卷,
阿含部,59,427,431,59,3,鴦崛髻經,748,晉,法炬譯,1,,四经同卷,
阿含部,59,432,434,59,5,七佛父母姓字經,749,,失譯,1,,五经同卷,
阿含部,59,435,437,59,6,佛說放牛經,750,姚秦,羅什譯,1,,五经同卷,
阿含部,59,438,439,59,7,緣起經,751,唐,玄奘譯,1,,五经同卷,
阿含部,59,440,440,59,8,佛說十一想思念如來經,752,宋,求那跋陀羅譯,1,,五经同卷,
阿含部,59,441,442,59,8,佛說四泥?經,753,東晉,竺曇無蘭譯,1,,五经同卷,
阿含部,59,443,445,59,9,阿那邠邸化七子經,754,後漢,安世高譯,1,,三经同卷,
阿含部,59,446,451,59,10,佛說大愛道般涅槃經,755,西晉,白法祖譯,1,,三经同卷,
阿含部,59,452,455,59,12,佛母般泥洹經,756,劉宋,慧簡譯,1,,三经同卷,
阿含部,59,456,459,59,14,舍衛國王夢見十事經,757,,失譯,1,,四经同卷,
阿含部,59,460,463,59,15,佛說國王不黎先尼十夢經,758,東晉,竺曇無蘭譯,1,,四经同卷,
阿含部,59,464,466,59,16,阿難同學經,759,後漢,安世高譯,1,,四经同卷,
阿含部,59,467,467,59,18,佛說五蘊皆空經,760,唐,義淨譯,1,,四经同卷,
阿含部,59,468,485,59,18,佛說七處三觀經,761,後漢,安世高譯,2,,三经同卷,
阿含部,59,486,487,59,25,佛說聖法印經,762,西晉,竺法護譯,1,,三经同卷,
阿含部,59,488,503,59,26,雜阿含經,763,,失譯,1,,三经同卷,
阿含部,59,504,505,59,32,五陰譬喻經,764,後漢,安世高譯,1,,七经同卷,
阿含部,59,506,507,59,33,佛說水沫所飄經,765,東晉,竺曇無蘭譯,1,,七经同卷,
阿含部,59,508,508,59,33,佛說不自守意經,766,吳,支謙譯,1,,七经同卷,
阿含部,59,509,510,59,33,佛說滿願子經,767,,失譯,1,,七经同卷,
阿含部,59,511,512,59,34,轉法輪經,768,後漢,安世高譯,1,,七经同卷,
阿含部,59,513,514,59,35,佛說三轉法輪經,769,唐,義淨譯,1,,七经同卷,
阿含部,59,515,516,59,35,佛說八正道經,770,後漢,安世高譯,1,,七经同卷,
阿含部,59,517,517,59,36,佛說馬有三相經,771,後漢,支曜譯,1,,四经同卷,
阿含部,59,517,518,59,36,佛說馬有八態譬人經,772,後漢,支曜譯,1,,四经同卷,
阿含部,59,518,519,59,36,佛說相應相可經,773,西晉,法炬譯,1,,四经同卷,
阿含部,59,519,522,59,37,難提釋經,774,西晉,法炬．法立譯,1,,四经同卷,
阿含部,59,523,545,59,38,治禪病秘要法經,775,北涼,沮渠京聲譯,2,,,
阿含部,59,546,547,59,48,摩鄧女經,776,後漢,安世高譯,1,,二经同卷,
阿含部,59,548,549,59,48,摩登女解形中六事經,777,,失譯,1,,二经同卷,
阿含部,59,550,575,59,49,摩登伽經,778,吳,支謙譯,3,,,
阿含部,59,576,596,59,60,舍頭諫經,779,晉,竺法護譯,1,,,
阿含部,59,597,599,59,68,鬼問目連經,780,後漢,安世高譯,1,,三经同卷,
阿含部,59,600,607,59,69,雜藏經,781,東晉,法顯譯,1,,三经同卷,
阿含部,59,607,612,59,72,餓鬼報應經,782,,失譯,1,,三经同卷,
阿含部,59,613,617,59,74,阿難問事佛吉凶經,783,後漢,安世高譯,1,,四经同卷,
阿含部,59,618,618,59,76,慢法經,784,西晉,法炬譯,1,,四经同卷,
阿含部,59,619,623,59,76,阿難分別經,785,乞伏秦,聖堅譯,1,,四经同卷,
阿含部,59,624,625,59,78,五母子經,786,吳,支謙譯,1,,四经同卷,
阿含部,59,626,627,59,78,沙彌羅經,787,,,1,,四经同卷,
阿含部,59,628,631,59,79,玉耶經,788,東晉,竺曇無蘭譯,1,,四经同卷,
阿含部,59,632,634,59,80,玉耶女經,789,,失譯,1,,四经同卷,
阿含部,59,635,636,59,81,阿遫達經,790,宋,求那跋陀羅譯,1,,四经同卷,
阿含部,59,637,664,59,82,修行本起經,791,後漢,竺大力．康孟詳譯,2,,,
阿含部,59,664,689,59,94,太子瑞應本起經,792,吳,支謙譯,2,,,
阿含部,60,5,79,60,104,過去現在因果經,793,宋,求那跋陀羅譯,4,,,
阿含部,60,80,82,60,134,法海經,794,西晉,法炬譯,1,,二经同卷,
阿含部,60,82,84,60,135,海八德經,795,姚秦,鳩摩羅什譯,1,,二经同卷,
阿含部,60,84,89,60,136,四十二章經,796,後漢,迦葉魔騰．竺法蘭譯（內文是「迦葉摩騰」）,1,,,
阿含部,60,89,102,60,138,佛說柰女耆域因緣經,797,後漢,安世高譯,1,,,
阿含部,60,103,107,60,143,佛說罪業報應教化地獄經,798,後漢,安世高譯,1,,三经同卷,
阿含部,60,107,108,60,145,佛說龍王兄弟經,799,吳,支謙譯,1,,三经同卷,
阿含部,60,108,113,60,145,長者音悅經,800,吳,支謙譯,1,,三经同卷,
阿含部,60,114,123,60,147,佛說柰女耆婆經,801,後漢,安世高譯,1,,,
阿含部,60,124,188,60,152,禪秘要法經,802,姚秦,鳩摩羅什等譯,3,,,
阿含部,60,189,193,60,178,佛說七女經,803,吳,支謙譯,1,,五经同卷,
阿含部,60,193,196,60,179,佛說八師經,804,吳,支謙譯,1,,五经同卷,
阿含部,60,196,197,60,180,佛說越難經,805,西晉,聶承遠譯,1,,五经同卷,
阿含部,60,197,201,60,181,佛說所欲致患經,806,西晉,竺法護譯,1,,五经同卷,
阿含部,60,201,205,60,183,佛說阿闍世王問五逆經,807,西晉,法炬譯,1,,五经同卷,
阿含部,60,206,215,60,184,佛說五苦章句經,808,東晉,竺曇無蘭譯,1,,三经同卷,
阿含部,60,215,216,60,188,佛說堅意經,809,後漢,安世高譯,1,,三经同卷,
阿含部,60,216,222,60,189,佛說淨飯王般涅槃經,810,宋,沮渠京聲譯,1,,三经同卷,
阿含部,60,223,223,60,191,佛說進學經,811,宋,沮渠京聲譯,1,,四经同卷,
阿含部,60,224,226,60,191,得道梯橙錫杖經,812,,失譯,1,,四经同卷,
阿含部,60,226,227,60,192,佛說持錫杖法經,813,,失譯,1,,四经同卷,
阿含部,60,228,229,60,193,佛說貧窮老公經,814,宋,慧簡譯,1,,四经同卷,
阿含部,60,229,235,60,193,佛說三摩竭經,815,吳,竺律炎譯,1,,,
阿含部,60,236,240,60,196,佛說蓱沙王五願經,816,吳,支謙譯,1,,二经同卷,
阿含部,60,241,246,60,198,琉璃王經,817,晉,竺法護譯,1,,二经同卷,
阿含部,60,247,334,60,201,生經,818,西晉,竺法護譯,5,,,
阿含部,60,335,370,60,236,佛說義足經,819,吳,支謙譯,2,,,
小乘單譯經,60,371,641,61,251,正法念處經,820,元魏,瞿曇般若流支譯,70,,此经跨二册（60-61),
小乘單譯經,61,642,656,62,638,佛本行集經,821,隋,闍那崛多譯,60,,此经跨二册（61-62),
小乘單譯經,63,9,89,63,1,本事經,822,唐,玄奘譯,7,,,
小乘單譯經,63,90,114,63,33,佛說興起行經,823,後漢,康孟詳譯,2,,,
小乘單譯經,63,114,125,63,43,佛為首迦長者說業報差別經,824,隋,法智譯,1,,,
小乘單譯經,63,126,150,63,48,佛說大安般守意經,825,後漢,安世高譯,2,,,
小乘單譯經,63,151,162,63,58,佛說罵意經,826,後漢,安世高譯,1,,二经同卷,
小乘單譯經,63,162,162,63,62,禪行法想經,827,後漢,安世高譯,1,,二经同卷,
小乘單譯經,63,163,173,63,63,佛說處處經,828,後漢,安世高譯,1,,,
小乘單譯經,63,174,187,63,67,佛說分別善惡所起經,829,後漢,安世高譯,1,,,
小乘單譯經,63,188,189,63,73,佛說出家緣經,830,後漢,安世高譯,1,,四经同卷,
小乘單譯經,63,189,192,63,73,佛說阿含正行經,831,後漢,安世高譯,1,,四经同卷,
小乘單譯經,63,192,196,63,74,佛說地獄眾生相害十八泥犁經,832,後漢,安世高譯,1,,四经同卷,
小乘單譯經,63,196,197,63,76,佛說法受塵經,833,後漢,安世高譯,1,,四经同卷,
小乘單譯經,63,197,203,63,76,須摩提長者經,834,吳,支謙譯,1,,小乘單譯經四卷,
小乘單譯經,63,203,205,63,79,長者子懊惱三處經,835,後漢,安世高譯,1,,小乘單譯經四卷,
小乘單譯經,63,205,206,63,79,犍陀國王經,836,後漢,安世高譯,1,,小乘單譯經四卷,
小乘單譯經,63,206,208,63,80,阿難四事經,837,吳,支謙譯,1,,小乘單譯經四卷,
小乘單譯經,63,209,212,63,81,分別經,838,西晉,竺法護譯,1,,小乘單譯經四卷,
小乘單譯經,63,212,215,63,82,未生怨經,839,吳,支謙譯,1,,小乘單譯經四卷,
小乘單譯經,63,215,218,63,83,四願經,840,吳,支謙譯,1,,小乘單譯經四卷,
小乘單譯經,63,218,220,63,85,猘狗經,841,吳,支謙譯,1,,小乘單譯經四卷,
小乘單譯經,63,220,221,63,85,八關齋經,842,宋,京聲譯,1,,小乘單譯經五卷,
小乘單譯經,63,221,222,63,86,孝子經,843,,失譯,1,,小乘單譯經五卷,
小乘單譯經,63,222,224,63,86,黑氏梵志經,844,吳,支謙譯,1,,小乘單譯經五卷,
小乘單譯經,63,224,227,63,87,阿鳩留經,845,,失譯,1,,小乘單譯經五卷,
小乘單譯經,63,227,228,63,88,佛為阿支羅迦葉自化作苦經,846,,,1,,小乘單譯經五卷,
小乘單譯經,63,229,245,63,89,陰持入經,847,後漢,安世高譯,2,,,
小乘單譯經,63,246,266,63,97,五百弟子自說本起經,848,晉,竺法護譯,1,,,
小乘單譯經,63,267,271,63,105,佛說大迦葉本經,849,西晉,竺法護譯,1,,三经同卷,
小乘單譯經,63,271,274,63,107,佛說四自侵經,850,西晉,竺法護譯,1,,三经同卷,
小乘單譯經,63,274,277,63,108,佛說羅云忍辱經,851,西晉,法炬譯,1,,三经同卷,
小乘單譯經,63,277,278,63,109,佛為年少比丘說正事經,852,西晉,法炬譯,1,,四经同卷,
小乘單譯經,63,279,280,63,110,佛說沙曷比丘功德經,853,西晉,法炬譯,1,,四经同卷,
小乘單譯經,63,280,282,63,110,佛說時非時經,854,晉,若羅嚴譯,1,,四经同卷,
小乘單譯經,63,282,286,63,111,佛說自愛經,855,東晉,竺曇無蘭譯,1,,四经同卷,
小乘單譯經,63,287,290,63,113,佛說中心經,856,東晉,竺曇無蘭譯,1,,二经同卷,
小乘單譯經,63,290,296,63,114,佛說見正經,857,東晉,竺曇無蘭譯,1,,二经同卷,
小乘單譯經,63,297,298,63,117,佛說大魚事經,858,東晉,竺曇無蘭譯,1,,四经同卷,
小乘單譯經,63,298,299,63,117,佛說阿難七[寱-臬+夢]經,859,東晉,竺曇無蘭譯,1,,四经同卷,
小乘單譯經,63,299,300,63,118,佛說呵鵰阿那含經,860,東晉,竺曇無蘭譯,1,,四经同卷,
小乘單譯經,63,300,307,63,118,佛說燈指因緣經,861,姚秦,鳩摩羅什譯,1,,四经同卷,
小乘單譯經,63,308,309,63,121,佛說婦人遇辜經,862,乞伏秦,聖堅譯,1,,三经同卷,
小乘單譯經,63,309,310,63,122,佛說四天王經,863,宋,智嚴．寶雲譯,1,,三经同卷,
小乘單譯經,63,310,314,63,122,佛說摩訶迦葉度貧母經,864,宋,求那跋陀羅譯,1,,三经同卷,
小乘單譯經,63,315,315,63,124,佛說十二品生死經,865,宋,求那跋陀羅譯,1,,四经同卷,
小乘單譯經,63,315,318,63,124,佛說輪轉五道罪福報應經,866,劉宋,求那跋陀羅譯,1,,四经同卷,
小乘單譯經,63,318,320,63,125,佛說五無反復經,867,宋,沮渠京聲譯,1,,四经同卷,
小乘單譯經,63,320,322,63,126,佛說五無反復經,868,宋,沮渠京聲譯,1,,四经同卷,
小乘單譯經,63,322,327,63,127,佛說佛大僧大經,869,宋,沮渠京聲譯,1,,,
小乘單譯經,63,328,329,63,129,佛說耶祇經,870,宋,沮渠京聲譯,1,,四经同卷,
小乘單譯經,63,329,330,63,130,佛說末羅王經,871,宋,沮渠京聲譯,1,,四经同卷,
小乘單譯經,63,330,331,63,130,佛說摩達國王經,872,宋,沮渠京聲譯,1,,四经同卷,
小乘單譯經,63,331,333,63,131,佛說旃陀越國王經,873,宋,沮渠京聲譯,1,,四经同卷,
小乘單譯經,63,334,335,63,132,佛說五恐怖世經,874,宋,沮渠京聲譯,1,,三经同卷,
小乘單譯經,63,335,339,63,132,佛說弟子死復生經,875,宋,沮渠京聲譯,1,,三经同卷,
小乘單譯經,63,339,340,63,134,佛說懈怠耕者經,876,宋,沮渠京聲譯,1,,三经同卷,
小乘單譯經,63,341,347,63,134,佛說辯意長者子所問經,877,元魏,法場譯,1,,二经同卷,
小乘單譯經,63,347,349,63,137,無垢優婆夷問經,878,元魏,瞿曇般若流支譯,1,,二经同卷,
小乘單譯經,63,350,350,63,139,佛說賢者五福德經,879,西晉,白法祖譯,1,,五经同卷,
小乘單譯經,63,350,352,63,139,天請問經,880,唐,玄奘譯,1,,五经同卷,
小乘單譯經,63,352,354,63,140,佛說護淨經,881,,失譯,1,,五经同卷,
小乘單譯經,63,354,355,63,140,佛說木槵經,882,,失譯,1,,五经同卷,
小乘單譯經,63,355,356,63,141,佛說無上處經,883,,失譯,1,,五经同卷,
小乘單譯經,63,357,373,63,141,佛說因緣僧護經,884,,失譯,1,,,
小乘單譯經,63,373,381,63,148,盧至長者因緣經,885,,失譯,1,,,
小乘單譯經,63,382,385,63,152,佛說五王經,886,,失譯,1,,四经同卷,
小乘單譯經,63,385,389,63,153,佛說出家功德經,887,,失譯,1,,四经同卷,
小乘單譯經,63,389,390,63,154,佛說栴檀樹經,888,,失譯,1,,四经同卷,
小乘單譯經,63,390,392,63,155,佛說頞多和多耆經,889,,失譯,1,,四经同卷,
小乘單譯經,63,393,395,63,156,佛說普達王經,890,,失譯,1,,四经同卷,
小乘單譯經,63,395,397,63,157,佛滅度後棺歛葬送經,891,,失譯,1,,四经同卷,
小乘單譯經,63,397,400,63,157,佛說鬼子母經,892,,失譯,1,,四经同卷,
小乘單譯經,63,400,401,63,158,佛說梵摩難國王經,893,,失譯,1,,四经同卷,
小乘單譯經,63,402,403,63,159,佛說孫多耶致經,894,吳,支謙譯,1,,五经同卷,
小乘單譯經,63,403,404,63,160,佛說父母恩難報經,895,後漢,安世高譯,1,,五经同卷,
小乘單譯經,63,404,407,63,160,佛說新歲經,896,東晉,竺曇無蘭譯,1,,五经同卷,
小乘單譯經,63,407,408,63,162,佛說群牛譬經,897,西晉,法炬譯,1,,五经同卷,
小乘單譯經,63,408,409,63,162,佛說九橫經,898,後漢,安世高譯,1,,五经同卷,
小乘單譯經,63,410,411,63,163,佛說禪行三十七品經,899,後漢,安世高譯,1,,五经同卷,
小乘單譯經,63,411,412,63,163,比丘避女惡名欲自殺經,900,西晉,法炬譯,1,,五经同卷,
小乘單譯經,63,412,413,63,164,佛說身觀經,901,西晉,竺法護譯,1,,五经同卷,
小乘單譯經,63,414,417,63,164,佛說無常經,902,唐,義淨譯,1,,五经同卷,
小乘單譯經,63,417,421,63,166,佛說八無暇有暇經,903,唐,義淨譯,1,,五经同卷,
小乘單譯經,63,422,423,63,167,長爪梵志請問經,904,唐,義淨譯,1,,五经同卷,
小乘單譯經,63,423,424,63,168,佛說譬喻經,905,唐,義淨譯,1,,五经同卷,
小乘單譯經,63,424,426,63,168,佛說比丘聽施經,906,東晉,竺曇無蘭譯,1,,五经同卷,
小乘單譯經,63,426,427,63,169,佛說略教誡經,907,唐,義淨譯,1,,五经同卷,
小乘單譯經,63,427,429,63,170,佛說療痔病經,908,唐,義淨譯,1,,五经同卷,
小乘律,63,429,540,64,171,摩訶僧祇律,909,東晉,佛陀跋陀羅．法顯譯,40,,此经跨二册（63-64),
小乘律,64,541,271,66,485,十誦律,910,姚秦,弗若多羅．鳩摩羅什譯,58,,此经跨三册（64-65-66),
小乘律,66,272,331,65,908,十誦律毗尼序,911,東晉,卑摩羅叉譯,3,,,
小乘律,66,332,354,67,1,根本說一切有部毗柰耶,912,唐,義淨譯,50,,此经跨二册（66-67),
小乘律,67,355,633,67,277,根本說一切有部苾芻尼毗柰耶,913,唐,義淨譯,20,,,
小乘律,67,634,489,68,392,根本說一切有部毗柰耶雜事,914,唐,義淨譯,40,,此经跨二册（67-68),
小乘律,68,490,540,68,600,根本說一切有部尼陀那,915,唐,義淨譯,5,,,
小乘律,68,541,599,68,620,根本說一切有部目得迦,916,唐,義淨譯,5,,,
小乘律,68,590,395,69,641,彌沙塞部和醯五分律,917,宋,佛陀什共竺道生譯,30,,此经跨二册（68-69),
小乘律,69,396,102,71,830,四分律藏,918,姚秦,佛陀耶舍．竺佛念等譯,60,,此经跨三册（69-70-71),
小乘律,71,102,119,71,356,波羅提木叉僧祇戒本,919,東晉,佛陀跋陀羅譯,1,,,
小乘律,71,119,138,71,362,比丘尼僧祇律波羅提木叉戒經,920,東晉,法顯．覺賢譯,1,,,
小乘律,71,138,157,71,370,十誦律比丘戒本,921,姚秦,鳩摩羅什譯,1,,,
小乘律,71,158,179,71,378,十誦律比丘尼戒本,922,宋,法[穎-禾+示]集出,1,,,
小乘律,71,180,199,71,386,根本說一切有部戒經,923,唐,義淨譯,1,,,
小乘律,71,200,224,71,394,根本說一切有部苾芻尼戒經,924,唐,義淨譯,1,,,
小乘律,71,225,238,71,404,五分戒本,925,宋,佛陀什等譯,1,,,
小乘律,71,239,260,71,411,五分比丘尼戒本,926,梁,明徽集,1,,,
小乘律,71,261,279,71,419,四分比丘戒本,927,唐,懷素依律集出,1,,,
小乘律,71,280,297,71,427,四分戒本,928,姚秦,佛陀耶舍譯,1,,,
小乘律,71,298,314,71,434,解脫戒本經,929,元魏,瞿曇般若流支譯,1,,,
小乘律,71,315,337,71,441,四分比丘尼戒本,930,唐,懷素依律集出,1,,,
小乘律,71,338,353,71,450,沙彌十戒法并威儀,931,,失譯,1,,,
小乘律,71,354,360,71,457,沙彌威儀,932,宋,求那跋摩譯,1,,,
小乘律,71,360,363,71,459,沙彌尼戒文,933,,失譯,1,,,
小乘律,71,364,366,71,461,沙彌尼戒經,934,,失譯,1,,二经同卷,
小乘律,71,367,375,71,462,舍利弗問經,935,,失譯,1,,二经同卷,
小乘律,71,376,491,71,466,根本說一切有部百一羯磨,936,唐,義淨譯,10,,,
小乘律,71,491,507,71,513,大沙門百一羯磨法,937,,失譯,1,,,
小乘律,71,508,527,71,519,十誦羯磨比丘要用,938,劉宋,僧璩依律撰出,1,,,
小乘律,71,528,557,71,527,彌沙塞羯磨本,939,唐,愛同錄,1,,,
小乘律,71,558,575,71,539,優波離問佛經,940,劉宋,求那跋摩譯,1,,,
小乘律,71,576,602,71,546,曇無德律部雜羯磨,941,魏,僧鎧譯,1,,,
小乘律,71,603,635,71,557,羯磨,942,曹魏,曇諦集,1,,,
小乘律,71,636,651,71,570,四分比丘尼羯磨法,943,劉宋,求那跋摩譯,1,,,
小乘律,72,4,61,72,577,曇無德部四分律刪補隨機羯磨,944,唐,道宣撰,2,,,
小乘律,72,61,131,72,600,四分僧羯磨,945,唐,懷素集,3,,,
小乘律,72,132,197,72,628,尼羯磨,946,唐,懷素集,3,,,
小乘律,72,198,221,72,655,佛說大愛道比丘尼經,947,,失譯,2,,,
小乘律,72,222,223,72,664,佛說迦葉禁戒經,948,宋,沮渠京聲譯,1,,三经同卷,
小乘律,72,224,225,72,665,佛說犯戒罪輕重經,949,後漢,安世高譯,1,,三经同卷,
小乘律,72,225,228,72,665,佛說戒消災經,950,吳,支謙譯,1,,三经同卷,
小乘律,72,229,240,72,667,佛說優婆塞五戒相經,951,宋,求那跋摩譯,1,,,
小乘律,72,240,310,72,673,根本說一切有部毗柰耶頌,952,唐,義淨譯,3,,,
小乘律,72,311,318,72,700,根本說一切有部毗柰耶雜事攝頌,953,唐,義淨譯,1,,,
小乘律,72,319,328,72,703,根本說一切有部毗柰耶尼陀那目得迦攝頌,954,唐,義淨譯,1,,,
小乘律,72,328,355,72,707,佛說目連問戒律中五百輕重事經,955,,失譯,1,,,
小乘律,72,355,563,72,718,根本薩婆多部律攝,956,唐,義淨譯,14,,,
小乘律,72,563,38,73,803,薩婆多部毗尼摩得勒伽,957,宋,僧伽跋摩譯,10,,此经跨二册（72-73),
小乘律,73,39,158,73,862,戒因緣經,958,姚秦,竺佛念譯,10,,,
小乘律,73,159,444,73,1,善見毗婆沙律,959,蕭齊,僧伽跋陀羅譯,18,,,
小乘律,73,445,479,73,117,佛阿毗曇經,960,陳,真諦譯,2,,,
小乘律,73,480,601,73,132,毗尼母經,961,,失譯,8,,,
小乘律,73,602,633,73,181,大比丘三千威儀,962,後漢,安世高譯,2,,,
小乘律,73,634,103,74,195,薩婆多毗尼毗婆沙,963,,失譯,8,,此经跨二册（73-74),
小乘律,74,103,117,74,248,續薩婆多毗尼毗婆沙,964,,失譯,1,,,
小乘律,74,118,136,74,254,律二十二明了論,965,陳,真諦譯,1,,,
小乘論,74,136,487,74,263,阿毗曇八犍度論,966,符秦,僧伽提婆．竺佛念譯,30,,,
小乘論,74,488,122,75,408,阿毗達磨發智論,967,唐,玄奘譯,20,,此经跨二册（74-75),
小乘論,75,123,270,75,519,阿毗達磨法蘊足論,968,唐,玄奘譯,12,,,
小乘論,75,270,482,75,579,阿毗達磨集異門足論,969,唐,玄奘譯,20,,,
小乘論,75,482,30,76,667,阿毗達磨識身足論,970,唐,玄奘譯,16,,,
小乘論,76,31,61,76,750,阿毗達磨界身足論,971,唐,玄奘譯,3,,,
小乘論,76,61,251,76,763,阿毗達磨品類足論,972,唐,玄奘譯,18,,,
小乘論,76,252,411,76,841,眾事分阿毗曇論,973,宋,求那跋陀羅．菩提耶舍譯,12,,,
小乘論,76,412,110,78,1,阿毗曇毗婆沙論,974,北涼,浮陀跋摩．道泰譯,82,,此经跨三册（76-77-78),
小乘論,78,111,474,81,411,阿毗達磨大毗婆沙論,975,唐,玄奘譯,200,,此经跨四册（78-79-80-81),
小乘論,81,475,218,82,463,阿毗達磨俱舍釋論,976,陳,真諦譯,22,,此经跨二册（81-82),
小乘論,82,219,242,82,625,阿毗達磨俱舍論本頌,977,唐,玄奘譯,1,,,
小乘論,82,242,604,82,635,阿毗達磨俱舍論,978,唐,玄奘譯,30,,,
小乘論,82,604,387,84,784,阿毗達磨順正理論,979,唐,玄奘譯,80,,此经跨三册（82-83-84),
小乘論,84,388,217,85,316,阿毗達磨藏顯宗論,980,唐,玄奘譯,40,,此经跨二册（84-85),
小乘論,85,218,276,85,513,阿毗曇心論,981,東晉,僧伽提婆．慧遠譯,4,,,
小乘論,85,276,362,85,536,法勝阿毗曇心論,982,高齊,那連提耶舍譯,6,,,
小乘論,85,363,594,85,572,雜阿毗曇心論,983,宋,僧伽跋摩等譯,11,,,
小乘論,85,594,629,85,665,阿毗曇甘露味論,984,,曹魏代譯,2,,,
小乘論,85,630,656,85,679,隨相論,985,陳,真諦譯,2,,,
小乘論,86,4,212,86,691,尊婆須蜜菩薩所集論,986,符秦,僧伽跋澄等譯,10,,,
小乘論,86,212,246,86,775,三法度論,987,東晉,僧伽提婆．慧遠譯,3,,,
小乘論,86,247,268,86,790,入阿毗達磨論,988,唐,玄奘譯,2,,,
小乘論,86,268,574,86,799,成實論,989,姚秦,鳩摩羅什譯,20,,,
小乘論,86,575,49,87,1,佛說立世阿毗曇論,990,陳,真諦譯,10,,此经跨二册（86-87),
小乘論,87,50,197,87,53,解脫道論,991,梁,僧伽婆羅譯,12,,,
小乘論,87,198,660,87,114,舍利弗阿毗曇論,992,姚秦,曇摩崛多．曇摩耶舍譯,22,,,
小乘論,88,4,21,88,301,五事毗婆沙論,993,唐,玄奘譯,2,,,
小乘論,88,22,280,88,309,鞞婆沙論,994,符秦,僧伽跋澄譯,14,,,
小乘論,88,281,308,88,414,三彌底部論,995,,失譯,3,,,
小乘論,88,309,362,88,427,分別功德論,996,,失譯,3,,,
小乘論,88,363,421,88,448,四諦論,997,陳,真諦譯,4,,,
小乘論,88,422,438,88,472,辟支佛因緣論,998,,失譯,1,,,
小乘論,88,439,444,88,479,十八部論,999,,失譯,1,,,
小乘論,88,445,451,88,481,部執異論,1000,陳,真諦譯,1,,,
小乘論,88,452,457,88,484,異部宗輪論,1001,唐,玄奘譯,1,,,
聖賢撰集,88,458,547,88,487,佛所行讚經,1002,北涼,曇無讖譯,5,,,
聖賢撰集,88,548,653,88,523,佛本行經,1003,宋,寶雲譯,7,,,
聖賢撰集,89,4,118,89,567,撰集百緣經,1004,吳,支謙譯,10,,,
聖賢撰集,89,119,510,89,614,出曜經,1005,姚秦,竺佛念譯,20,,,
聖賢撰集,89,511,56,90,773,賢愚因緣經,1006,元魏,慧覺譯,13,,此经跨二册（89-90),
聖賢撰集,90,57,71,90,860,道地經,1007,後漢,安世高譯,1,,,
聖賢撰集,90,71,182,90,1,修行道地經,1008,西晉,竺法護譯,8,,,
聖賢撰集,90,183,252,90,46,僧伽羅剎所集佛行經,1009,符秦,僧伽跋澄譯,5,,,
聖賢撰集,90,253,319,90,76,大乘修行菩薩行門諸經要集,1010,唐,智嚴譯,3,,,
聖賢撰集,90,319,361,90,103,僧伽斯那所撰菩薩本緣經,1011,吳,支謙譯,4,,,
聖賢撰集,90,362,398,90,120,百喻經,1012,蕭齊,求那毗地譯,2,,,
聖賢撰集,90,399,461,90,135,付法藏因緣經,1013,後魏,吉迦夜．曇曜譯,6,,,
聖賢撰集,90,461,499,90,160,坐禪三昧法門經,1014,姚秦,羅什譯,2,,,
聖賢撰集,90,500,502,90,175,佛說佛醫經,1015,吳,竺律炎．支越譯,1,,二经同卷,
聖賢撰集,90,502,514,90,176,惟日雜難經,1016,吳,支謙譯,1,,二经同卷,
聖賢撰集,90,515,516,90,181,佛說迦葉赴佛般涅槃經,1017,東晉,竺曇無蘭譯,1,,七经同卷,
聖賢撰集,90,516,517,90,182,菩薩呵色欲法,1018,後秦,鳩摩羅什譯,1,,七经同卷,
聖賢撰集,90,517,518,90,182,四品學法,1019,宋,求那跋陀羅譯,1,,七经同卷,
聖賢撰集,90,518,523,90,183,佛入涅槃密迹金剛力士哀戀經,1020,,失譯,1,,七经同卷,
聖賢撰集,90,523,527,90,185,佛使比丘迦旃延說法沒盡偈,1021,,失譯,1,,七经同卷,
聖賢撰集,90,528,528,90,186,佛說佛治身經,1022,,失譯,1,,七经同卷,
聖賢撰集,90,528,530,90,187,佛說佛治意經,1023,,失譯,1,,七经同卷,
聖賢撰集,90,530,645,90,188,雜寶藏經,1024,元魏,吉迦夜．曇曜譯,8,,,
聖賢撰集,90,646,686,90,234,那先比丘經,1025,,失譯,3,,,
聖賢撰集,91,6,23,91,252,五門禪經要用法,1026,宋,曇摩蜜多譯,1,,,
聖賢撰集,91,24,70,91,259,達摩多羅禪經,1027,東晉,佛陀跋陀羅譯,2,,,
聖賢撰集,91,71,98,91,278,禪法要解經,1028,姚秦,鳩摩羅什譯,2,,,
聖賢撰集,91,99,101,91,289,禪要呵欲經,1029,,失譯,1,,三经同卷,
聖賢撰集,91,101,104,91,290,內身觀章句經,1030,,失譯,1,,三经同卷,
聖賢撰集,91,104,108,91,291,法觀經,1031,西晉,竺法護譯,1,,三经同卷,
聖賢撰集,91,109,116,91,293,思惟要略法,1032,姚秦,鳩摩羅什譯,1,,二经同卷,
聖賢撰集,91,116,120,91,295,十二遊經,1033,東晉,迦留陀伽譯,1,,二经同卷,
聖賢撰集,91,121,149,91,297,舊雜譬喻經,1034,吳,康僧會譯,2,,,
聖賢撰集,91,150,157,91,309,雜譬喻經,1035,後漢,支婁迦讖譯,1,,,
聖賢撰集,91,157,177,91,313,雜譬喻經,1036,,失譯,2,,,
聖賢撰集,91,178,204,91,321,眾經撰雜譬喻,1037,姚秦,卷上失譯；卷下姚秦羅什譯,2,,,
聖賢撰集,91,205,209,91,332,阿育王譬喻經,1038,,失譯,1,,二经同卷,
聖賢撰集,91,209,298,91,334,阿育王經,1039,梁,僧伽婆羅譯,10,,二经同卷,
聖賢撰集,91,298,375,91,371,阿育王傳,1040,西晉,安法欽譯,5,,,
聖賢撰集,91,375,395,91,401,阿育王息壞目因緣經,1041,符秦,曇摩難提譯,1,,,
聖賢撰集,91,396,433,91,410,四阿含暮抄解,1042,符秦,鳩摩羅佛提等譯,2,,,
聖賢撰集,91,434,464,91,426,佛說法句經,1043,吳,維祗難等譯,2,,,
聖賢撰集,91,465,540,91,438,法句譬喻經,1044,西晉,法炬．法立譯,4,,,
聖賢撰集,91,541,547,91,468,迦葉結經,1045,後漢,安世高譯,1,,,
聖賢撰集,91,547,553,91,471,撰集三藏及雜藏傳,1046,,失譯,1,,,
聖賢撰集,91,554,563,91,474,三慧經,1047,,失譯,1,,二经同卷,
聖賢撰集,91,563,571,91,477,阿毗曇五法行經,1048,後漢,安世高譯,1,,二经同卷,
聖賢撰集,91,571,577,91,481,一百五十讚佛頌,1049,唐,義淨譯,1,,六经同卷,
聖賢撰集,91,577,579,91,483,讚觀世音菩薩頌,1050,唐,慧智譯,1,,六经同卷,
聖賢撰集,91,579,581,91,484,文殊師利發願經,1051,東晉,佛陀跋陀羅譯,1,,六经同卷,
聖賢撰集,91,581,582,91,485,六菩薩名亦當誦持經,1052,,失譯,1,,六经同卷,
聖賢撰集,91,582,585,91,485,小道地經,1053,後漢,支曜譯,1,,六经同卷,
聖賢撰集,91,585,591,91,486,阿含口解十二因緣經,1054,後漢,安玄．嚴佛調譯,1,,六经同卷,
聖賢撰集,91,592,610,91,489,佛說無明羅剎經,1055,,,1,,,
聖賢撰集,91,611,613,91,496,馬鳴菩薩傳,1056,姚秦,鳩摩羅什譯,1,,三经同卷,
聖賢撰集,91,613,615,91,497,龍樹菩薩傳,1057,姚秦,鳩摩羅什譯,1,,三经同卷,
聖賢撰集,91,616,618,91,498,提婆菩薩傳,1058,姚秦,鳩摩羅什譯,1,,三经同卷,
聖賢撰集,91,619,626,91,500,婆藪槃豆傳,1059,陳,真諦譯,1,,二经同卷,
聖賢撰集,91,626,633,91,502,龍樹菩薩為禪陀迦王說法要偈,1060,宋,求那跋摩譯,1,,二经同卷,
聖賢撰集,91,633,638,91,505,勸發諸王要偈,1061,宋,求那跋摩譯,1,,二经同卷,
聖賢撰集,91,638,644,91,507,龍樹菩薩勸誡王頌,1062,唐,義淨譯,1,,二经同卷,
聖賢撰集,91,645,650,91,510,賓頭盧突羅闍為優陀延王說法經,1063,宋,求那跋陀羅譯,1,,三经同卷,
聖賢撰集,91,650,651,91,512,請賓頭盧經,1064,宋,惠簡譯,1,,三经同卷,
聖賢撰集,91,651,658,91,513,大勇菩薩分別業報略經,1065,宋,僧伽跋摩譯,1,,三经同卷,
聖賢撰集,91,659,665,91,516,迦丁比丘說當來變經,1066,,失譯,1,,二经同卷,
聖賢撰集,91,665,671,91,518,大阿羅漢難提蜜多羅所說法住記,1067,唐,玄奘譯,1,,二经同卷,
聖賢撰集,92,4,46,92,521,金七十論,1068,陳,真諦譯,3,,,
聖賢撰集,92,46,54,92,538,勝宗十句義論,1069,唐,玄奘譯,1,,,
聖賢撰集,92,55,243,92,542,釋迦譜,1070,蕭齊,僧祐撰,10,,,
聖賢撰集,92,244,279,92,619,釋迦氏譜,1071,唐,道宣撰,1,,,
聖賢撰集,92,280,347,92,633,釋迦方誌,1072,唐,道宣撰,2,,,
聖賢撰集,92,348,353,93,661,經律異相,1073,梁,寶唱等撰,50,,此经跨二册（92-93),
聖賢撰集,93,353,494,93,1,陀羅尼雜經,1074,,失譯,10,,,
聖賢撰集,93,495,304,94,58,諸經要集,1075,唐,道世撰,20,,"此经跨二册（93-94), 且93册的目录页码有误差",
聖賢撰集,94,305,579,94,247,出三藏記集,1076,梁,僧祐撰,15,,龙藏里无此经,
聖賢撰集,94,579,668,94,358,眾經目錄,1077,隋,法經等撰,7,,,
聖賢撰集,95,4,256,95,395,歷代三寶紀,1078,隋,費長房撰,15,,,
聖賢撰集,95,257,330,95,497,眾經目錄,1079,隋,翻經沙門及學士等撰,5,,,
聖賢撰集,95,331,593,95,528,大唐內典錄,1080,唐,道宣撰,10,,,
聖賢撰集,95,594,18,96,634,續大唐內典錄,1081,唐,道宣撰,1,,此经跨二册（95-96),
聖賢撰集,96,19,32,96,664,續古今譯經圖記,1083,唐,智昇撰,1,,,
聖賢撰集,96,33,94,96,639,古今譯經圖記,1082,唐,靖邁撰,4,,,
聖賢撰集,96,95,250,96,670,大周刊定眾經目錄,1084,唐,明佺等撰,14,,,
聖賢撰集,96,251,256,96,764,大周刊定偽經目錄,1085,唐,明佺等撰,1,,此偽經目錄在此版本本目录中并未单列,
聖賢撰集,96,257,131,97,769,開元釋教錄,1086,唐,智昇撰,20,,此经跨二册（96-97),
聖賢撰集,97,132,519,97,122,一切經音義,1087,唐,玄應撰,25,,,
聖賢撰集,97,520,579,97,282,新譯大方廣佛華嚴經音義,1088,唐,慧苑述,2,,,
聖賢撰集,97,580,100,98,306,大唐西域記,1089,唐,玄奘譯．辯機撰,12,,此经跨二册（97-98),
聖賢撰集,98,101,116,98,380,續集古今佛道論衡,1090,唐,智昇撰,1,,,
聖賢撰集,98,117,195,98,387,集古今佛道論衡實錄,1091,唐,道宣撰,4,,,
聖賢撰集,98,196,272,98,419,集神州塔寺三寶感通錄,1092,唐,道宣撰,3,,,
聖賢撰集,98,273,353,98,449,集沙門不應拜俗等事,1093,唐,彥悰纂錄,6,,,
聖賢撰集,98,354,496,98,482,大唐大慈恩寺三藏法師傳,1094,唐,慧立本．彥悰箋,10,,,
聖賢撰集,98,497,526,98,540,大唐西域求法高僧傳,1095,唐,義淨譯,2,,,
聖賢撰集,98,527,550,98,551,法顯傳,1096,東晉,法顯自記遊天竺事,1,,,
聖賢撰集,98,551,140,99,561,高僧傳,1097,梁,慧皎撰,14,,此经跨二册（98-99),
聖賢撰集,99,141,242,100,660,續高僧傳,1098,唐,道宣撰,31,,此经跨二册（99-100),
聖賢撰集,100,243,405,100,81,辯正論,1099,唐,法琳撰,8,,,
聖賢撰集,100,406,444,100,147,破邪論,1100,唐,法琳撰,2,,,
聖賢撰集,100,445,472,100,162,甄正論,1101,唐,玄嶷撰,3,,,
聖賢撰集,100,473,493,100,174,十門辨惑論,1102,唐,復禮撰,2,,,
聖賢撰集,100,494,124,101,183,弘明集,1103,梁,僧祐撰,14,,此经跨二册（100-101),
聖賢撰集,101,125,176,102,280,廣弘明集,1104,唐,道宣撰,30,,此经跨二册（101-102),
聖賢撰集,102,177,222,102,553,集諸經禮懺悔文,1105,唐,智昇撰,2,,,
聖賢撰集,102,223,293,102,571,南海寄歸內法傳,1106,唐,義淨撰,4,,,
聖賢撰集,102,294,328,102,599,比丘尼傳,1107,晉,寶唱撰,4,,,
聖賢撰集,102,329,330,102,614,說罪要行法,1108,唐,義淨撰,1,,三经同卷,
聖賢撰集,102,331,333,102,615,受用三水要行法,1109,唐,義淨撰,1,,三经同卷,
聖賢撰集,102,334,336,102,616,護命放生軌儀法,1110,唐,義淨撰,1,,三经同卷,
聖賢撰集,102,337,428,102,617,開元釋教錄略出,1111,唐,智昇撰,4,,,
聖賢撰集,102,429,470,102,654,紹興重雕大藏音,1112,宋,,3,,,
聖賢撰集,102,471,184,105,672,法苑珠林,1113,唐,道世撰,100,,此经跨四册（101-105),
宋元入藏諸經論,105,185,228,105,469,佛說大乘莊嚴寶王經,1114,宋,天息災譯,4,,,
宋元入藏諸經論,105,229,234,105,486,佛說大乘聖無量壽決定光明王如來陀羅尼經,1115,宋,法天譯,1,,目录经名为：決定光明經,
宋元入藏諸經論,105,235,242,105,489,佛說大乘聖吉祥持世陀羅尼經,1116,宋,法天譯,1,,目录经名为：聖吉祥持世經,
宋元入藏諸經論,105,243,246,105,492,佛說無能勝幡王如來莊嚴陀羅尼經,1117,宋,施護譯,1,,目录经名为：幡王經,
宋元入藏諸經論,105,247,249,105,493,最勝佛頂陀羅尼經,1118,宋,法天譯,1,,,
宋元入藏諸經論,105,250,253,105,495,聖佛母小字般若波羅蜜多經,1119,趙宋,天息災譯,1,,,
宋元入藏諸經論,105,254,256,105,496,七佛讚唄伽他,1120,宋,法天譯,1,,,
宋元入藏諸經論,105,257,309,105,498,大方廣總持寶光明經,1121,趙宋,法天譯,5,,,
宋元入藏諸經論,105,310,325,105,519,佛說出生一切如來法眼徧照大力明王經,1122,宋,法護譯,2,,目录经名为：遍照大力明王經,
宋元入藏諸經論,105,326,364,105,525,佛說守護大千國土經,1123,宋,施護譯,3,,,
宋元入藏諸經論,105,365,367,105,541,佛說樓閣正法甘露鼓經,1124,宋,天息災譯,1,,二经同卷,
宋元入藏諸經論,105,368,372,105,542,佛說大乘善見變化文殊師利問法經,1125,宋,天息災譯,1,,二经同卷,
宋元入藏諸經論,105,373,387,105,545,分別善惡報應經,1126,宋,天息災譯,2,,,
宋元入藏諸經論,105,388,398,105,551,佛頂放無垢光明入普門觀察一切如來心陀羅尼經,1127,宋,施護譯,2,,目录经名为：如來心經,
宋元入藏諸經論,105,399,407,105,555,佛說大乘日子王所問經,1128,宋,法天譯,1,,,
宋元入藏諸經論,105,408,413,105,559,佛說金耀童子經,1129,宋,天息災譯,1,,,
宋元入藏諸經論,105,414,421,105,561,佛說較量壽命經,1130,宋,天息災譯,1,,,
宋元入藏諸經論,105,422,423,105,564,嗟韈曩法天子受三歸依獲免惡道經,1131,宋,法天譯,1,,二经同卷,
宋元入藏諸經論,105,424,429,105,565,讚法界偈,1132,宋,施護譯,1,,二经同卷,
宋元入藏諸經論,105,430,435,105,567,聖虛空藏菩薩陀羅尼經,1133,宋,法天譯,1,,,
宋元入藏諸經論,105,436,441,105,570,佛說大護明大陀羅尼經,1134,宋,法天譯,1,,,
宋元入藏諸經論,105,442,444,105,572,大寒林聖難拏陀羅尼經,1135,宋,法天譯,1,,二经同卷,
宋元入藏諸經論,105,445,446,105,573,佛說諸行有為經,1136,宋,法天譯,1,,二经同卷,
宋元入藏諸經論,105,447,448,105,575,息除中夭陀羅尼經,1137,宋,施護譯,1,,二经同卷,
宋元入藏諸經論,105,448,455,105,575,一切如來正法秘密篋印心陀羅尼經,1138,宋,施護譯,1,,二经同卷,
宋元入藏諸經論,105,456,458,105,578,消除一切閃電障難隨求如意陀羅尼經,1139,宋,施護譯,1,,二经同卷,
宋元入藏諸經論,105,458,464,105,579,佛說聖最上燈明如來陀羅尼經,1140,宋,施護譯,1,,二经同卷,
宋元入藏諸經論,105,465,523,105,582,妙法聖念處經,1141,宋,法天譯,8,,,
宋元入藏諸經論,105,524,528,105,607,勝軍化世百喻伽他經,1142,宋,天息災譯,1,,二经同卷,
宋元入藏諸經論,105,529,533,105,609,六道伽陀經,1143,宋,法天譯,1,,二经同卷,
宋元入藏諸經論,105,534,575,105,611,法集要頌經,1144,宋,天息災譯,4,,,
宋元入藏諸經論,105,576,606,105,627,菩提行經,1145,宋,天息災譯,4,,,
宋元入藏諸經論,105,607,610,105,640,讚揚聖德多羅菩薩一百八名經,1146,宋,天息災譯,1,,二经同卷,
宋元入藏諸經論,105,610,613,105,641,聖觀自在菩薩一百八名經,1147,宋,天息災譯,1,,二经同卷,
宋元入藏諸經論,105,614,648,105,644,佛說大迦葉問大寶積正法經,1148,趙宋,施護譯,5,,,
宋元入藏諸經論,105,649,651,105,658,佛說沙彌十戒儀則經,1149,宋,施護譯,1,,二经同卷,
宋元入藏諸經論,105,651,657,105,659,聖持世陀羅尼經,1150,宋,施護譯,1,,二经同卷,
宋元入藏諸經論,106,7,12,106,662,佛說法集名數經,1151,宋,施護譯,1,,,
宋元入藏諸經論,106,12,18,106,664,聖多羅菩薩一百八名陀羅尼經,1152,宋,法天譯,1,,,
宋元入藏諸經論,106,19,20,106,666,佛說目連所問經,1153,宋,法天譯,1,,二经同卷,
宋元入藏諸經論,106,20,22,106,667,外道問聖大乘法無我義經,1154,宋,法天譯,1,,二经同卷,
宋元入藏諸經論,106,23,36,106,668,十二緣生祥瑞經,1155,宋,施護譯,2,,,
宋元入藏諸經論,106,36,39,106,673,毗俱胝菩薩一百八名經,1156,宋,法天譯,1,,,
宋元入藏諸經論,106,40,205,106,675,大方廣菩薩藏文殊師利根本儀軌經,1157,宋,天息災譯,20,,目录经名为：文殊儀軌,
宋元入藏諸經論,,,,,740,無能勝大明陀羅尼經,1158,宋,法天譯,1,,"not in this edition, 此与1469号重复，故在此版本中已去除",
宋元入藏諸經論,,,,,742,無能勝大明心陀羅尼經,1159,宋,法天譯,1,,not in this edition，此与1473号重复，故在此版本中已去除,
宋元入藏諸經論,106,206,209,106,743,佛說苾芻五法經,1160,宋,法天譯,1,,四经同卷,
宋元入藏諸經論,106,209,211,106,744,佛說苾芻迦尸迦十法經,1161,宋,法天譯,1,,四经同卷,
宋元入藏諸經論,106,211,212,106,745,諸佛心印陀羅尼經,1162,宋,法天譯,1,,四经同卷,
宋元入藏諸經論,106,213,219,106,746,金剛針論,1163,宋,法天譯,1,,四经同卷,
宋元入藏諸經論,106,220,255,106,749,妙臂菩薩所問經,1164,宋,法天譯,4,,,
宋元入藏諸經論,106,256,259,106,763,大乘寶月童子問法經,1165,宋,施護譯,1,,四经同卷,
宋元入藏諸經論,106,259,260,106,764,佛說蓮華眼陀羅尼經,1166,宋,施護譯,1,,四经同卷,
宋元入藏諸經論,106,260,261,106,764,佛說觀想佛母般若波羅蜜多菩薩經,1167,宋,天息災譯,1,,四经同卷,
宋元入藏諸經論,106,261,264,106,765,佛說如意摩尼陀羅尼經,1168,宋,施護譯,1,,四经同卷,
宋元入藏諸經論,106,265,271,106,766,佛為娑伽羅龍王所說大乘經,1169,宋,施護譯,1,,,
宋元入藏諸經論,106,272,277,106,769,佛說大自在天子因地經,1170,宋,施護譯,1,,三经同卷,
宋元入藏諸經論,106,277,278,106,771,佛說寶生陀羅尼經,1171,宋,施護譯,1,,三经同卷,
宋元入藏諸經論,106,278,280,106,772,佛說十號經,1172,宋,天息災譯,1,,三经同卷,
宋元入藏諸經論,106,281,288,106,773,廣大蓮華莊嚴曼拏羅滅一切罪陀羅尼經,1173,宋,施護譯,1,,,
宋元入藏諸經論,106,289,290,106,776,佛說普賢菩薩陀羅尼經,1174,宋,法天譯,1,,二经同卷,
宋元入藏諸經論,106,290,297,106,776,大金剛妙高山樓閣陀羅尼,1175,宋,施護譯,1,,二经同卷,
宋元入藏諸經論,106,298,341,106,779,一切如來大秘密王未曾有最上微妙大曼拏羅經,1176,宋,天息災譯,5,,目录经名为：大秘密王曼拏羅,
宋元入藏諸經論,106,342,398,106,797,佛說大摩里支菩薩經,1177,宋,天息災譯,7,,,
宋元入藏諸經論,106,399,411,106,821,佛說聖寶藏神儀軌經,1178,宋,法天譯,2,,,
宋元入藏諸經論,106,412,425,106,826,佛說寶藏神大明曼拏羅儀軌經,1179,宋,法天譯,2,,,
宋元入藏諸經論,106,426,428,106,832,佛說尊勝大明王經,1180,宋,施護譯,1,,三经同卷,
宋元入藏諸經論,106,428,430,106,833,佛說智光滅一切業障陀羅尼經,1181,宋,施護譯,1,,三经同卷,
宋元入藏諸經論,106,430,433,106,833,佛說如意寶總持王經,1182,宋,施護譯,1,,三经同卷,
宋元入藏諸經論,106,434,438,106,835,佛說持明藏八大總持王經,1183,宋,施護譯,1,,二经同卷,
宋元入藏諸經論,106,438,441,106,836,聖無能勝金剛火陀羅尼經,1184,宋,法天譯,1,,二经同卷,
宋元入藏諸經論,106,442,444,106,838,佛說聖大總持王經,1185,宋,施護譯,1,,二经同卷,
宋元入藏諸經論,106,444,449,106,839,佛說最上意陀羅尼經,1186,宋,施護譯,1,,二经同卷,
宋元入藏諸經論,106,450,457,106,841,佛說聖莊嚴陀羅尼經,1187,宋,施護譯,2,,,
宋元入藏諸經論,106,458,459,106,844,佛說聖六字大明王陀羅尼經,1188,宋,施護譯,1,,三经同卷,
宋元入藏諸經論,106,459,461,106,844,千轉大明陀羅尼經,1189,宋,施護譯,1,,三经同卷,
宋元入藏諸經論,106,461,464,106,845,佛說花積樓閣陀羅尼經,1190,宋,施護譯,1,,三经同卷,
宋元入藏諸經論,106,465,466,106,846,佛說勝旛瓔珞陀羅尼經,1191,宋,施護譯,1,,二经同卷,
宋元入藏諸經論,106,466,471,106,847,賢聖集伽陀一百頌,1192,宋,天息災譯,1,,二经同卷,
宋元入藏諸經論,106,472,478,106,849,佛說普賢曼拏羅經,1193,宋,施護譯,1,,,
宋元入藏諸經論,106,479,586,106,852,佛說眾許摩訶帝經,1194,宋,法賢譯,13,,,
宋元入藏諸經論,106,587,593,106,1,佛說長者施報經,1195,宋,法天譯,1,,,
宋元入藏諸經論,106,594,605,106,3,毗婆尸佛經,1196,宋,法天譯,2,,二经同卷,
宋元入藏諸經論,106,606,611,106,8,佛說毗沙門天王經,1197,宋,法天譯,1,,二经同卷,
宋元入藏諸經論,106,612,615,106,11,佛說大三摩惹經,1198,宋,法天譯,1,,二经同卷,
宋元入藏諸經論,106,615,619,106,12,佛說月光菩薩經,1199,宋,法賢譯,1,,二经同卷,
宋元入藏諸經論,106,620,621,106,14,佛說聖觀自在菩薩梵讚,1200,宋,法天譯,1,,四经同卷,
宋元入藏諸經論,106,621,622,106,14,佛一百八名讚,1201,宋,法天譯,1,,四经同卷,
宋元入藏諸經論,106,623,624,106,15,佛說布施經,1202,宋,法賢譯,1,,四经同卷,
宋元入藏諸經論,106,625,628,106,16,佛說聖曜母陀羅尼經,1203,宋,法天譯,1,,四经同卷,
宋元入藏諸經論,106,629,631,106,17,佛說文殊師利一百八名梵讚,1204,宋,法天譯,1,,二经同卷,
宋元入藏諸經論,106,631,634,106,18,佛說解憂經,1205,宋,法天譯,1,,二经同卷,
宋元入藏諸經論,106,635,641,106,20,犍稚梵讚,1206,宋,法天譯,1,,,
宋元入藏諸經論,106,642,651,106,22,佛說七佛經,1207,宋,法天譯,1,,,
宋元入藏諸經論,106,652,673,106,27,佛說大乘無量壽莊嚴經,1208,宋,法賢譯,3,,,
宋元入藏諸經論,107,8,13,107,35,佛說徧照般若波羅蜜經,1209,宋,施護譯,1,,,
宋元入藏諸經論,107,14,20,107,38,聖多羅菩薩梵讚,1210,宋,施護譯,1,,,
宋元入藏諸經論,107,21,26,107,40,大乘舍黎娑擔摩經,1211,宋,施護譯,1,,,
宋元入藏諸經論,107,27,29,107,43,帝釋般若波羅蜜多心經,1212,宋,施護譯,1,,二经同卷,
宋元入藏諸經論,107,29,32,107,44,佛說諸佛經,1213,宋,施護譯,1,,二经同卷,
宋元入藏諸經論,107,33,34,107,45,佛說四無所畏經,1214,宋,施護譯,1,,五经同卷,
宋元入藏諸經論,107,34,35,107,45,佛說一切如來頂輪王一百八名讚,1215,宋,施護譯,1,,五经同卷,
宋元入藏諸經論,107,35,36,107,46,增慧陀羅尼經,1216,宋,施護譯,1,,五经同卷,
宋元入藏諸經論,107,36,37,107,46,聖六字增壽大明陀羅尼經,1217,宋,施護譯,1,,五经同卷,
宋元入藏諸經論,107,37,38,107,47,佛說大乘戒經,1218,宋,施護譯,1,,五经同卷,
宋元入藏諸經論,107,39,41,107,47,佛說聖最勝陀羅尼經,1219,宋,施護譯,1,,二经同卷,
宋元入藏諸經論,107,41,43,107,48,佛說五十頌聖般若波羅蜜經,1220,宋,施護譯,1,,二经同卷,
宋元入藏諸經論,107,44,80,107,50,佛說金剛手菩薩降伏一切部多大教王經,1221,宋,法天譯,3,,,
宋元入藏諸經論,107,81,95,107,65,最上大乘金剛大教寶王經,1222,宋,法天譯,2,,二经同卷(上下),
宋元入藏諸經論,107,96,98,107,71,佛說薩鉢多酥哩踰捺野經,1223,宋,法賢譯,1,,二经同卷,
宋元入藏諸經論,107,98,103,107,72,佛說一切如來烏瑟膩沙最勝總持經,1224,宋,法天譯,1,,二经同卷,
宋元入藏諸經論,107,104,106,107,74,菩提心觀釋,1225,宋,法天譯,1,,,
宋元入藏諸經論,107,107,125,107,75,佛說佛母寶德藏般若波羅蜜經,1226,宋,法賢譯,3,,,
宋元入藏諸經論,107,126,155,107,83,佛說金剛香菩薩大明成就儀軌經,1227,宋,施護譯,3,,,
宋元入藏諸經論,107,156,192,107,95,金剛薩埵說頻那夜迦天成就儀軌經,1228,宋,法賢譯,4,,,
宋元入藏諸經論,107,193,204,107,110,佛說幻化網大瑜伽教十忿怒明王大明觀想儀軌經,1229,宋,法賢譯,1,,,
宋元入藏諸經論,107,205,234,107,114,佛說妙吉祥最勝根本大教經,1230,宋,法賢譯,3,,,
宋元入藏諸經論,107,235,237,107,127,佛說大金剛香陀羅尼經,1231,宋,施護譯,1,,,
宋元入藏諸經論,107,237,268,107,128,佛說護國尊者所問大乘經,1232,宋,施護譯,4,,,
宋元入藏諸經論,107,269,304,107,141,佛說持明藏瑜伽大教尊那菩薩大明成就儀軌經,1233,宋,法賢譯,4,,,
宋元入藏諸經論,107,305,322,107,155,佛說大乘觀想曼拏羅淨諸惡趣經,1234,宋,法賢譯,2,,,
宋元入藏諸經論,107,323,333,107,163,佛說妙吉祥瑜伽大教金剛陪囉?輪觀想成就儀軌經,1235,宋,法賢譯,1,,,
宋元入藏諸經論,107,334,341,107,167,佛說一切佛攝相應大教王經聖觀自在菩薩念誦儀軌經,1236,宋,法賢譯,1,,,
宋元入藏諸經論,107,342,343,107,170,佛說大乘八大曼拏羅經,1237,宋,法賢譯,1,,四经同卷,
宋元入藏諸經論,107,343,346,107,170,聖金剛手菩薩一百八名梵讚,1238,宋,法賢譯,1,,四经同卷,
宋元入藏諸經論,107,346,346,107,171,佛說較量一切佛剎功德經,1239,宋,法賢譯,1,,四经同卷,
宋元入藏諸經論,107,347,350,107,172,迦葉仙人說醫女人經,1240,宋,法賢譯,1,,四经同卷,
宋元入藏諸經論,107,350,356,107,173,囉嚩拏說救療小兒疾病經,1241,宋,法賢譯,1,,,
宋元入藏諸經論,107,357,416,107,177,佛說瑜伽大教王經,1242,宋,法賢譯,5,,,
宋元入藏諸經論,107,417,417,107,201,佛說大愛陀羅尼經,1243,宋,法賢譯,1,,二经同卷,
宋元入藏諸經論,107,417,424,107,201,佛說阿羅漢具德經,1244,宋,法賢譯,1,,二经同卷,
宋元入藏諸經論,107,425,426,107,205,佛說俱枳羅陀羅尼經,1245,宋,法賢譯,1,,十二经同卷,
宋元入藏諸經論,107,426,429,107,205,佛說消除一切災障寶髻陀羅尼經,1246,宋,法賢譯,1,,十二经同卷,
宋元入藏諸經論,107,429,429,107,206,佛說妙色陀羅尼經,1247,宋,法賢譯,1,,十二经同卷,
宋元入藏諸經論,107,429,430,107,206,佛說栴檀香身陀羅尼經,1248,宋,法賢譯,1,,十二经同卷,
宋元入藏諸經論,107,431,432,107,207,佛說鉢蘭那賖嚩哩大陀羅尼經,1249,宋,法賢譯,1,,十二经同卷,
宋元入藏諸經論,107,432,433,107,208,佛說宿命智陀羅尼經,1250,宋,法賢譯,1,,十二经同卷,
宋元入藏諸經論,107,433,433,107,208,佛說慈氏菩薩誓願陀羅尼經,1251,宋,法賢譯,1,,十二经同卷,
宋元入藏諸經論,107,433,434,107,208,佛說滅除五逆罪大陀羅尼經,1252,宋,法賢譯,1,,十二经同卷,
宋元入藏諸經論,107,434,435,107,208,佛說無量功德陀羅尼經,1253,宋,法賢譯,1,,十二经同卷,
宋元入藏諸經論,107,435,436,107,209,佛說十八臂陀羅尼經,1254,宋,法賢譯,1,,十二经同卷,
宋元入藏諸經論,107,436,437,107,209,佛說洛叉陀羅尼經,1255,宋,法賢譯,1,,十二经同卷,
宋元入藏諸經論,107,437,438,107,209,佛說辟除諸惡陀羅尼經,1256,宋,法賢譯,1,,十二经同卷,
宋元入藏諸經論,107,439,440,107,210,佛說八大靈塔名號經,1257,宋,法賢譯,1,,四经同卷,
宋元入藏諸經論,107,440,441,107,210,八大靈塔梵讚,1258,宋,法賢譯,1,,四经同卷,
宋元入藏諸經論,107,441,442,107,211,三身梵讚,1259,宋,法賢譯,1,,四经同卷,
宋元入藏諸經論,107,442,447,107,211,佛說尊那經,1260,宋,法賢譯,1,,四经同卷,
宋元入藏諸經論,107,448,456,107,213,寶授菩薩菩提行經,1261,宋,法賢譯,1,,,
宋元入藏諸經論,107,457,457,107,217,佛三身讚,1262,宋,法賢譯,1,,七经同卷,
宋元入藏諸經論,107,457,459,107,217,曼殊室利菩薩吉祥伽陀,1263,宋,法賢譯,1,,七经同卷（此与1440号的譯者及內容相同無異，疑似重覆。）,
宋元入藏諸經論,107,459,460,107,217,佛說妙吉祥菩薩陀羅尼,1264,宋,法賢譯,1,,七经同卷,
宋元入藏諸經論,107,460,461,107,218,佛說無量壽大智陀羅尼,1265,宋,法賢譯,1,,七经同卷,
宋元入藏諸經論,107,461,461,107,218,佛說宿命智陀羅尼,1266,宋,法賢譯,1,,七经同卷,
宋元入藏諸經論,107,461,461,107,218,佛說慈氏菩薩陀羅尼,1267,宋,法賢譯,1,,七经同卷,
宋元入藏諸經論,107,461,462,107,218,佛說虛空藏菩薩陀羅尼,1268,宋,法賢譯,1,,七经同卷,
宋元入藏諸經論,107,463,475,107,220,大正句王經,1269,宋,法賢譯,2,,,
宋元入藏諸經論,107,476,481,107,225,佛說人仙經,1270,宋,法賢譯,1,,,
宋元入藏諸經論,107,482,485,107,227,佛說頻婆娑羅王經,1271,宋,法賢譯,1,,二经同卷,
宋元入藏諸經論,107,486,489,107,229,佛說舊城喻經,1272,宋,法賢譯,1,,二经同卷,
宋元入藏諸經論,107,490,494,107,231,佛說信解智力經,1273,宋,法賢譯,1,,,
宋元入藏諸經論,107,494,495,107,232,佛說善樂長者經,1274,宋,法賢譯,1,,二经同卷,
宋元入藏諸經論,107,496,500,107,233,佛說聖多羅菩薩經,1275,宋,法賢譯,1,,二经同卷,
宋元入藏諸經論,107,501,502,107,235,佛說大吉祥陀羅尼經,1276,宋,法賢譯,1,,五经同卷,
宋元入藏諸經論,107,502,503,107,235,佛說寶賢陀羅尼經,1277,宋,法賢譯,1,,五经同卷,
宋元入藏諸經論,107,503,504,107,236,佛說秘密八名陀羅尼經,1278,宋,法賢譯,1,,五经同卷,
宋元入藏諸經論,107,504,506,107,236,佛說觀自在菩薩母陀羅尼經,1279,宋,法賢譯,1,,五经同卷,
宋元入藏諸經論,107,506,507,107,237,佛說戒香經,1280,宋,法賢譯,1,,五经同卷,
宋元入藏諸經論,107,508,513,107,238,佛說延壽妙門陀羅尼經,1281,宋,法賢譯,1,,,
宋元入藏諸經論,107,514,520,107,240,佛說信佛功德經,1282,宋,法賢譯,1,,,
宋元入藏諸經論,107,521,522,107,243,佛說一切如來名號陀羅尼經,1283,宋,法賢譯,1,,三经同卷,
宋元入藏諸經論,107,522,523,107,243,佛說息除賊難陀羅尼經,1284,宋,法賢譯,1,,三经同卷,
宋元入藏諸經論,107,523,526,107,244,佛說法身經,1285,宋,法賢譯,1,,三经同卷,
宋元入藏諸經論,107,527,610,107,246,佛說最上根本大樂金剛不空三昧大教王經,1286,宋,法賢譯,7,,目录经名：根本大樂經,
宋元入藏諸經論,107,611,633,107,280,佛說最上秘密那拏天經,1287,宋,法賢譯,3,,三经同卷（上中下）,
宋元入藏諸經論,107,634,636,107,289,佛說解夏經,1288,宋,法賢譯,1,,二经同卷,
宋元入藏諸經論,107,636,645,107,290,佛說帝釋所問經,1289,宋,法賢譯,1,,二经同卷,
宋元入藏諸經論,107,646,654,107,294,佛說決定義經,1290,宋,法賢譯,1,,二经同卷,
宋元入藏諸經論,107,654,660,107,297,佛說護國經,1291,宋,法賢譯,1,,二经同卷,
宋元入藏諸經論,108,4,584,108,301,景德傳燈錄,1292,宋,道原纂,30,,,
宋元入藏諸經論,108,585,637,108,538,佛說未曾有正法經,1293,宋,法天譯,6,,,
宋元入藏諸經論,108,638,643,108,559,佛說大生義經,1294,宋,施護譯,1,,,
宋元入藏諸經論,108,644,646,108,562,佛說分別布施經,1295,宋,施護譯,1,,三经同卷,
宋元入藏諸經論,108,646,648,108,563,佛說分別緣生經,1296,宋,法天譯,1,,三经同卷,
宋元入藏諸經論,108,648,649,108,563,佛說法印經,1297,宋,施護譯,1,,三经同卷,
宋元入藏諸經論,109,6,223,109,565,佛母出生三法藏般若波羅蜜多經,1298,宋,施護等譯,25,,,
宋元入藏諸經論,109,224,254,109,656,佛說大方廣善巧方便經,1299,宋,施護譯,4,,,
宋元入藏諸經論,109,255,275,109,669,佛說大乘不思議神通境界經,1300,宋,施護譯,3,,,
宋元入藏諸經論,109,276,287,109,677,佛說發菩提心破諸魔經,1301,宋,施護譯,2,,,
宋元入藏諸經論,109,288,289,109,682,佛說聖佛母般若波羅蜜多經,1302,宋,施護譯,1,,,
宋元入藏諸經論,109,290,312,109,683,佛說給孤長者女得度因緣經,1303,宋,施護譯,3,,,
宋元入藏諸經論,109,313,328,109,692,佛說大集法門經,1304,宋,施護譯,2,,,
宋元入藏諸經論,109,329,340,109,699,集諸法寶最上義論,1305,宋,施護譯,2,,,
宋元入藏諸經論,109,341,346,109,704,菩提心離相論,1306,宋,施護譯,1,,,
宋元入藏諸經論,109,347,350,109,706,佛說淨意優婆塞所問經,1307,宋,施護譯,1,,二经同卷,
宋元入藏諸經論,109,350,351,109,707,大乘破有論,1308,宋,施護譯,1,,二经同卷,
宋元入藏諸經論,109,352,404,109,709,佛說無二平等最上瑜伽大教王經,1309,宋,施護譯,6,,,
宋元入藏諸經論,109,405,416,109,731,集大乘相論,1310,宋,施護譯,2,,三经同卷,
宋元入藏諸經論,109,416,419,109,735,佛說佛母般若波羅蜜多大明觀想儀軌,1311,宋,施護譯,1,,三经同卷,
宋元入藏諸經論,109,420,446,109,737,佛說光明童子因緣經,1312,宋,施護譯,4,,三经同卷,
宋元入藏諸經論,109,447,449,109,748,佛說入無分別法門經,1313,宋,施護譯,1,,二经同卷,
宋元入藏諸經論,109,450,453,109,749,六十頌如理論,1314,宋,施護譯,1,,二经同卷,
宋元入藏諸經論,109,454,460,109,751,佛說寶帶陀羅尼經,1315,宋,施護譯,1,,二经同卷,
宋元入藏諸經論,109,460,462,109,753,佛說金身陀羅尼經,1316,宋,施護譯,1,,二经同卷,
宋元入藏諸經論,109,463,469,109,754,佛說金剛場莊嚴般若波羅蜜多教中一分,1317,宋,施護譯,1,,,
宋元入藏諸經論,109,470,488,109,1,佛吉祥德讚,1318,宋,施護譯,3,,,
宋元入藏諸經論,109,489,531,109,8,顯密圓通成佛心要集,1319,唐,道㲀集,2,,,
宋元入藏諸經論,109,532,544,109,25,佛說初分說經,1320,宋,施護譯,2,,,
宋元入藏諸經論,109,545,550,109,31,佛說息諍因緣經,1321,宋,施護譯,1,,,
宋元入藏諸經論,109,551,561,109,33,佛說無畏授所問大乘經,1322,宋,施護等譯,3,,四经同卷 （非六经同卷 ）,
宋元入藏諸經論,109,561,562,109,37,佛說月喻經,1323,宋,施護譯,1,,四经同卷 （非六经同卷 ）,
宋元入藏諸經論,109,562,563,109,38,佛說醫喻經,1324,宋,施護譯,1,,四经同卷 （非六经同卷 ）,
宋元入藏諸經論,109,563,564,109,38,大乘二十頌論,1325,宋,施護譯,1,,四经同卷 （非六经同卷 ）,
宋元入藏諸經論,109,565,580,109,39,佛說秘密相經,1326,宋,施護等譯,3,,三经同卷（上中下）,
宋元入藏諸經論,109,581,611,109,46,佛母般若波羅蜜多圓集要義釋論,1327,宋,施護等譯,4,,,
宋元入藏諸經論,109,612,626,109,58,佛說福力太子因緣經,1328,宋,施護等譯,3,,三经同卷（上中下）,
宋元入藏諸經論,109,627,637,109,64,佛說尼拘陀梵志經,1329,宋,施護等譯,2,,五经同卷,
宋元入藏諸經論,109,637,639,109,68,佛母般若波羅蜜多圓集要義論,1330,宋,施護等譯,1,,五经同卷,
宋元入藏諸經論,109,639,640,109,69,佛說灌頂王喻經,1331,宋,施護等譯,1,,五经同卷,
宋元入藏諸經論,109,640,641,109,70,廣大發願頌,1332,宋,施護等譯,1,,五经同卷,
宋元入藏諸經論,109,642,655,109,70,佛說白衣金幢二婆羅門緣起經,1333,宋,施護等譯,3,,三经同卷（上中下）,
宋元入藏諸經論,110,4,250,110,76,佛說一切如來真實攝大乘現證三昧大教王經,1334,宋,施護等譯,30,,,
宋元入藏諸經論,110,251,346,110,180,大乘本生心地觀經,1335,唐,般若等譯,8,,此经纸质本目录页码有误,
宋元入藏諸經論,110,347,409,110,220,大乘寶要義論,1336,宋,法護等譯,10,,,
宋元入藏諸經論,110,410,522,110,246,佛說除蓋障菩薩所問經,1337,宋,法護等譯,20,,,
宋元入藏諸經論,110,523,531,110,294,佛說大乘大方廣佛冠經,1338,宋,法護等譯,2,,,
宋元入藏諸經論,110,532,552,110,297,佛說身毛喜豎經,1339,宋,惟淨等譯,3,,,
宋元入藏諸經論,110,553,559,110,305,聖佛母般若波羅蜜多九頌精義論,1340,宋,法護等譯,2,,一论一经同卷,
宋元入藏諸經論,110,559,560,110,308,佛說八種長養功德經,1341,宋,法護等譯,1,,一论一经同卷,
宋元入藏諸經論,110,561,563,110,309,穢跡金剛說神通大滿陀羅尼法術靈要門經,1342,唐,無能勝譯,1,,二经同卷,
宋元入藏諸經論,110,563,567,110,310,穢跡金剛法禁百變法門經,1343,唐,阿質達霰譯,1,,二经同卷,
宋元入藏諸經論,110,568,576,110,311,不動使者陀羅尼秘密法,1344,唐,金剛菩提譯,1,,,
宋元入藏諸經論,110,577,594,110,315,金剛恐怖集會方廣軌儀觀自在菩薩三世最勝心明王經,1345,唐,不空譯,1,,,
宋元入藏諸經論,110,595,630,110,322,金剛頂一切如來真實攝大乘現證大教王經,1346,唐,不空譯,3,,,
宋元入藏諸經論,110,631,667,110,337,金剛恐怖集會方廣軌儀觀自在菩薩三世最勝心明王大威力烏樞瑟摩明王經,1347,唐,阿質達霰譯,3,,,
宋元入藏諸經論,111,3,12,111,352,金剛頂經瑜伽修習毗盧遮那三摩地法,1348,唐,金剛智譯,1,,,
宋元入藏諸經論,111,13,59,111,357,一字奇特佛頂經,1349,唐,不空譯,3,,,
宋元入藏諸經論,111,59,66,111,375,一字頂輪王念誦儀軌,1350,,,1,,,
宋元入藏諸經論,111,67,84,111,378,阿唎多羅陀羅尼阿嚕力品,1351,唐,不空譯,1,,,
宋元入藏諸經論,111,85,86,111,385,金剛頂瑜伽念珠經,1352,唐,不空譯,1,,三经同卷,
宋元入藏諸經論,111,86,95,111,385,佛說大方廣曼殊室利經,1353,唐,不空譯,1,,三经同卷（此与1454号的譯者及內容相同，疑似重覆。）,
宋元入藏諸經論,111,95,98,111,389,大樂金剛不空真實三麼耶般若波羅蜜多理趣經,1354,唐,不空譯,1,,三经同卷（此与1485号的譯者及內容相同，疑似重覆。）,
宋元入藏諸經論,111,99,118,111,391,十一面觀自在菩薩心密言念誦儀軌經,1355,唐,不空譯,3,,三经同卷,
宋元入藏諸經論,111,119,123,111,399,百千頌大集經地藏菩薩請問法身讚,1356,唐,不空譯,1,,,
宋元入藏諸經論,111,123,128,111,400,佛說大吉祥天女十二契一百八名無垢大乘經,1357,唐,不空譯,1,,四经同卷,
宋元入藏諸經論,111,129,132,111,403,普賢菩薩行願讚,1358,唐,不空譯,1,,四经同卷,
宋元入藏諸經論,111,132,134,111,404,金剛頂經瑜伽文殊師利菩薩法一品,1359,唐,不空譯,1,,四经同卷,
宋元入藏諸經論,111,135,199,111,406,菩提場所說一字頂輪王經,1360,唐,不空譯,5,,四经同卷,
宋元入藏諸經論,111,200,212,111,432,底哩三昧耶不動尊威怒王使者念誦法,1361,唐,不空譯,1,,,
宋元入藏諸經論,111,213,221,111,437,佛說出生無邊門陀羅尼經,1362,唐,不空譯,1,,四经同卷,
宋元入藏諸經論,111,221,226,111,440,一切如來心秘密全身舍利寶篋印陀羅尼經,1363,唐,不空譯,1,,四经同卷,
宋元入藏諸經論,111,226,227,111,442,佛說大吉祥天女十二名號經,1364,唐,不空譯,1,,四经同卷,
宋元入藏諸經論,111,227,228,111,443,佛說一切如來金剛壽命陀羅尼經,1365,唐,金剛智．智藏譯,1,,四经同卷,
宋元入藏諸經論,111,229,235,111,443,金剛頂瑜伽經十八會指歸,1366,唐,不空譯,1,,,
宋元入藏諸經論,111,236,260,111,446,仁王護國般若波羅蜜多經,1367,唐,不空譯,2,,,
宋元入藏諸經論,111,261,295,111,457,大寶廣博樓閣善住秘密陀羅尼經,1368,唐,不空譯,3,,六经一十一卷（宝楼阁经）,
宋元入藏諸經論,111,296,313,111,471,大雲輪請雨經,1369,唐,不空譯,2,,六经一十一卷,
宋元入藏諸經論,111,314,356,111,479,佛母大孔雀明王經,1370,唐,不空譯,3,,六经一十一卷,
宋元入藏諸經論,111,357,362,111,496,慈氏菩薩所說大乘緣生稻𦼮喻經,1371,唐,不空譯,1,,六经一十一卷,
宋元入藏諸經論,111,363,365,111,498,佛說穰麌梨童女經,1372,唐,不空譯,1,,二经同卷,
宋元入藏諸經論,111,365,368,111,499,佛說雨寶陀羅尼經,1373,唐,不空譯,1,,二经同卷,
宋元入藏諸經論,111,369,385,111,501,菩提場莊嚴陀羅尼經,1374,唐,不空譯,1,,,
宋元入藏諸經論,111,386,392,111,508,葉衣觀自在菩薩經,1375,唐,不空譯,1,,三经同卷,
宋元入藏諸經論,111,392,395,111,510,毗沙門天王經,1376,唐,不空譯,1,,三经同卷,
宋元入藏諸經論,111,395,398,111,511,訶利帝母真言法,1377,唐,不空譯,1,,三经同卷,
宋元入藏諸經論,111,399,400,111,513,佛說三十五佛名禮懺文,1378,唐,不空譯,1,,六经同卷,
宋元入藏諸經論,111,400,403,111,513,佛說救拔焰口餓鬼陀羅尼經,1379,唐,不空譯,1,,六经同卷,
宋元入藏諸經論,111,403,406,111,514,觀自在菩薩說普賢陀羅尼經,1380,唐,不空譯,1,,六经同卷,
宋元入藏諸經論,111,406,408,111,515,八大菩薩曼荼羅經,1381,唐,不空譯,1,,六经同卷,
宋元入藏諸經論,111,408,409,111,516,能淨一切眼疾病陀羅尼經,1382,唐,不空譯,1,,六经同卷,
宋元入藏諸經論,111,409,410,111,517,除一切疾病陀羅尼經,1383,唐,不空譯,1,,六经同卷,
宋元入藏諸經論,111,411,431,111,517,金剛頂蓮華部心念誦儀軌,1384,唐,不空譯,1,,,
宋元入藏諸經論,111,432,452,111,526,金剛頂瑜伽千手千眼觀自在菩薩修行儀軌經,1385,唐,不空譯,1,,千手觀音修行儀軌經,
宋元入藏諸經論,111,453,462,111,534,阿閦如來念誦供養法,1386,唐,不空譯,1,,二经同卷,
宋元入藏諸經論,111,462,469,111,538,佛頂尊勝陀羅尼念誦儀軌,1387,唐,不空譯,1,,二经同卷,
宋元入藏諸經論,111,470,478,111,541,普賢金剛薩埵瑜伽念誦儀軌,1388,唐,不空譯,1,,二经同卷,
宋元入藏諸經論,111,479,480,111,544,文殊問經字母品第十四,1389,唐,不空譯,1,,二经同卷,
宋元入藏諸經論,111,481,490,111,545,金剛王菩薩秘密念誦儀軌,1390,唐,不空譯,1,,二经同卷,
宋元入藏諸經論,111,490,496,111,549,金剛頂勝初瑜伽普賢菩薩念誦法經,1391,唐,不空譯,1,,二经同卷,
宋元入藏諸經論,111,497,545,111,552,大乘密嚴經,1392,唐,不空譯,3,,,
宋元入藏諸經論,111,546,560,111,572,七俱胝佛母所說准提陀羅尼經,1393,唐,不空譯,1,,,
宋元入藏諸經論,111,561,586,111,578,大樂金剛不空真實三昧邪經般若波羅蜜多理趣釋,1394,唐,不空譯,2,,,
宋元入藏諸經論,111,587,595,111,588,金剛頂瑜伽護摩儀軌,1395,唐,智藏譯,1,,,
宋元入藏諸經論,111,596,604,111,591,金剛頂瑜伽金剛薩埵五秘密修行念誦儀軌,1396,唐,不空譯,1,,此与1451号的譯者及內容相同，疑似重覆。,
宋元入藏諸經論,111,605,609,111,595,大方廣佛華嚴經入法界品四十二字輪觀門法,1397,唐,不空譯,1,,六经同卷,
宋元入藏諸經論,111,610,612,111,597,般若波羅蜜多理趣經大安樂不空三昧真實金剛菩薩等一十七聖大曼荼羅義述,1398,唐,阿目佉金剛依釋略序,1,,六经同卷,
宋元入藏諸經論,111,612,614,111,598,陀羅尼門諸部要目,1399,唐,不空譯,1,,六经同卷,
宋元入藏諸經論,111,614,617,111,599,金剛頂瑜伽三十七尊禮,1400,唐,不空譯,1,,六经同卷,
宋元入藏諸經論,111,618,620,111,600,受菩提心戒儀,1401,唐,不空譯,1,,六经同卷,
宋元入藏諸經論,111,620,622,111,601,大聖文殊師利菩薩讚佛法身禮,1402,唐,不空譯,1,,六经同卷,
宋元入藏諸經論,111,623,631,111,602,無量壽如來修觀行供養儀軌,1403,唐,不空譯,1,,,
宋元入藏諸經論,111,632,640,111,606,大乘緣生論,1404,唐,不空譯,1,,,
宋元入藏諸經論,111,641,24,112,610,佛說大集會正法經,1405,宋,施護譯,5,,此经跨二册（111-112),
宋元入藏諸經論,112,25,37,112,630,佛說最勝妙吉祥根本智最上秘密一切名義三摩地分,1406,宋,施護譯,2,,一切名義三摩地分,
宋元入藏諸經論,112,38,42,112,635,佛說勝軍王所問經,1407,宋,施護譯,1,,三经同卷,
宋元入藏諸經論,112,42,45,112,636,佛說輪王七寶經,1408,宋,施護譯,1,,三经同卷,
宋元入藏諸經論,112,45,47,112,638,佛說園生樹經,1409,宋,施護譯,1,,三经同卷,
宋元入藏諸經論,112,48,51,112,638,佛說帝釋巖秘密成就儀軌,1410,宋,施護譯,1,,一赞二经同卷,
宋元入藏諸經論,112,52,54,112,640,聖觀自在菩薩功德讚,1411,宋,施護譯,1,,一赞二经同卷,
宋元入藏諸經論,112,55,56,112,641,佛說了義般若波羅蜜多經,1412,宋,施護譯,1,,一赞二经同卷,
宋元入藏諸經論,112,57,143,112,643,佛說一切如來金剛三業最上秘密大教王經,1413,宋,施護譯,7,,金剛三業經（一论二经九卷 ）,
宋元入藏諸經論,112,144,146,112,678,諸教決定名義論,1414,宋,施護譯,1,,一论一经同卷,
宋元入藏諸經論,112,146,149,112,679,佛說大方廣未曾有經善巧方便品,1415,宋,施護譯,1,,一论一经同卷,
宋元入藏諸經論,112,150,154,112,681,瑜伽翳迦訖沙囉烏瑟尼沙斫訖囉真言安怛陀那儀則一字頂輪王瑜伽經,1416,唐,不空譯,1,,三经同卷,
宋元入藏諸經論,112,154,158,112,682,大虛空藏菩薩念誦法,1417,唐,不空譯,1,,三经同卷,
宋元入藏諸經論,112,158,162,112,684,仁王般若念誦法,1418,唐,不空譯,1,,三经同卷,
宋元入藏諸經論,112,163,178,112,686,佛說如幻三摩地無量印法門經,1419,宋,施護等譯,3,,無量印法門經,
宋元入藏諸經論,112,179,180,112,693,佛說蟻喻經,1420,宋,施護譯,1,,二经同卷,
宋元入藏諸經論,112,180,186,112,693,觀自在菩薩如意輪念誦儀軌,1421,唐,不空譯,1,,二经同卷,
宋元入藏諸經論,112,187,198,112,696,廣釋菩提心論,1422,宋,施護等譯,2,,二论同卷,
宋元入藏諸經論,112,199,213,112,701,甘露軍荼利菩薩供養念誦成就儀軌,1423,唐,不空譯,1,,二论同卷（軍荼利儀軌）,
宋元入藏諸經論,112,214,225,112,707,一切秘密最上名義大教王儀軌,1424,宋,施護譯,2,,二仪同卷,
宋元入藏諸經論,112,226,233,112,712,觀自在多羅瑜伽念誦法,1425,唐,不空譯,1,,二经同卷,
宋元入藏諸經論,112,233,237,112,715,聖觀自在菩薩心真言瑜伽觀行軌儀,1426,唐,不空譯,1,,二经同卷,
宋元入藏諸經論,112,238,352,112,717,海意菩薩所問淨印法門經,1427,宋,惟淨．法護譯,18,,,
宋元入藏諸經論,112,353,360,112,764,佛說聖觀自在菩薩不空王秘密心陀羅尼經,1428,宋,施護等譯,1,,,
宋元入藏諸經論,112,361,402,112,768,佛說秘密三昧大教王經,1429,宋,施護等譯,4,,,
宋元入藏諸經論,112,403,457,112,785,大乘中觀釋論,1430,宋,惟淨等譯,9,,,
宋元入藏諸經論,112,457,459,112,807,佛說施一切無畏陀羅尼經,1431,宋,施護等譯,1,,,
宋元入藏諸經論,112,459,461,112,807,聖八千頌般若波羅蜜多一百八名真實圓義陀羅尼經,1432,宋,施護等譯,1,,,
宋元入藏諸經論,112,462,476,112,808,佛說大堅固婆羅門緣起經,1433,宋,施護等譯,2,,二经同卷,
宋元入藏諸經論,112,477,278,113,1,宋高僧傳,1434,宋,贊寧．智輪同撰,30,,此经跨二册（112-113),
宋元入藏諸經論,113,279,182,114,188,大般涅槃經,1435,北涼,曇無讖譯．慧嚴．慧觀．謝靈運再治,36,,此经跨二册（113-114),
宋元入藏諸經論,114,183,155,116,418,宗鏡錄,1436,宋,延壽集,100,,此经跨三册（114-116),
宋元入藏諸經論,116,156,210,116,1,妙吉祥平等秘密最上觀門大教王經,1437,宋,慈賢譯,5,,,
宋元入藏諸經論,116,211,237,116,23,聖迦柅忿怒金剛童子菩薩成就儀軌經,1438,唐,不空譯,3,,金剛童子儀軌,
宋元入藏諸經論,116,238,247,116,34,大樂金剛薩埵修行成就儀軌,1439,唐,不空譯,1,,二经同卷,
宋元入藏諸經論,116,248,249,116,38,曼殊室利菩薩吉祥伽陀,1440,宋,法賢譯,1,,二经同卷（此与1263号的譯者及內容相同，疑似重覆。）,
宋元入藏諸經論,116,250,274,116,39,金剛峰樓閣一切瑜伽瑜祇經,1441,唐,金剛智譯,2,,,
宋元入藏諸經論,116,275,385,116,49,佛說如來不思議秘密大乘經,1442,宋,法護等譯,20,,,
宋元入藏諸經論,116,386,508,116,97,大乘瑜伽金剛性海曼殊室利千臂千鉢大教王經,1443,唐,不空譯,10,,千鉢經,
宋元入藏諸經論,116,509,523,116,148,聖閻曼德迦威怒王立成大神驗念誦法,1444,唐,不空譯,2,,聖怒王念誦法,
宋元入藏諸經論,116,524,539,116,154,成就妙法蓮華經王瑜伽觀智儀軌,1445,唐,不空譯,1,,法華經觀智儀軌,
宋元入藏諸經論,116,540,545,116,160,佛說一切如來安像三昧儀軌經,1446,宋,施護譯,1,,,
宋元入藏諸經論,116,545,553,116,162,文殊師利菩薩根本大教王金翅鳥王品,1447,唐,不空譯,1,,金翅鳥王經,
宋元入藏諸經論,116,554,556,116,166,金剛頂瑜伽降三世成就極深密門,1448,唐,不空奉詔譯,1,,,
宋元入藏諸經論,116,557,566,116,167,金剛頂瑜伽他化自在天理趣會普賢修行念誦儀軌,1449,唐,不空譯,1,,他化普賢念誦儀軌,
宋元入藏諸經論,116,567,568,116,171,瑜伽金剛頂經釋字母品,1450,唐,不空譯,1,,二经同卷,
宋元入藏諸經論,116,568,577,116,172,金剛頂瑜伽金剛薩埵儀軌,1451,唐,不空譯,1,,二经同卷（此与1396号的譯者及內容相同，疑似重覆。）,
宋元入藏諸經論,116,578,579,116,175,金剛壽命陀羅尼念誦法,1452,唐,不空譯,1,,二经同卷,
宋元入藏諸經論,116,580,588,116,176,大藥叉女歡喜母並愛子成就法,1453,唐,不空譯,1,,二经同卷,
宋元入藏諸經論,116,589,597,116,179,佛說大方廣曼殊室利經,1454,唐,不空譯,1,,此与1353号的譯者及內容相同，疑似重覆。,
宋元入藏諸經論,116,598,604,116,183,五字陀羅尼頌,1455,唐,不空譯,1,,,
宋元入藏諸經論,116,605,608,116,185,佛說大孔雀明王畫像壇場儀軌,1456,唐,不空譯,1,,,
宋元入藏諸經論,116,609,611,116,187,大聖天歡喜雙身毗那耶迦法,1457,唐,不空譯,1,,,
宋元入藏諸經論,116,612,82,117,189,守護國界主陀羅尼經,1458,唐,般若等譯,10,,此经跨二册（116-117),
宋元入藏諸經論,117,83,206,117,239,大乘理趣六波羅蜜多經,1459,唐,般若譯,10,,,
宋元入藏諸經論,117,207,238,117,290,佛說大悲空智金剛大教王儀軌,1460,宋,法護譯,5,,,
宋元入藏諸經論,117,239,256,117,303,佛說巨力長者所問大乘經,1461,宋,智吉祥等譯,3,,,
宋元入藏諸經論,117,257,283,117,310,普遍光明焰鬘清淨熾盛如意寶印心無能勝大明王大隨求陀羅尼經,1462,唐,不空譯,2,,,
宋元入藏諸經論,117,284,294,117,322,大威怒烏芻澀麼儀軌,1463,唐,不空譯,1,,,
宋元入藏諸經論,117,295,299,117,329,佛說如意輪蓮華心如來修行觀門儀,1467,宋,慈賢譯,1,,三经同卷,
宋元入藏諸經論,117,300,301,117,328,佛說五大施經,1465,宋,施護等譯,1,,三经同卷,
宋元入藏諸經論,117,301,303,117,328,大日經略攝念誦隨行法,1466,唐,不空譯,1,,三经同卷,
宋元入藏諸經論,117,304,311,117,329,佛說如意輪蓮華心如來修行觀門儀,1467,宋,慈賢譯,1,,二经同卷,
宋元入藏諸經論,117,311,314,117,332,佛說摩利支天女經,1468,唐,不空譯,1,,二经同卷,
宋元入藏諸經論,117,315,321,117,334,無能勝大明陀羅尼經,1469,宋,法天譯,1,,五经同卷,
宋元入藏諸經論,117,321,322,117,336,佛說無畏陀羅尼經,1470,宋,法賢譯,1,,五经同卷,
宋元入藏諸經論,117,322,323,117,337,佛說最勝無比大威德金輪佛頂熾盛光消災吉祥陀羅尼經,1471,唐,不空譯,1,,五经同卷,
宋元入藏諸經論,117,323,325,117,337,佛說大威德金輪佛頂熾盛光如來消除一切災難陀羅尼經,1472,,,1,,五经同卷,
宋元入藏諸經論,117,325,327,117,338,無能勝大明心陀羅尼經,1473,宋,法天譯,1,,五经同卷,
宋元入藏諸經論,117,328,331,117,339,佛說妙吉祥菩薩所問大乘法螺經,1474,宋,法賢譯,1,,三经同卷,
宋元入藏諸經論,117,332,334,117,340,佛說四品法門經,1475,宋,法賢譯,1,,三经同卷,
宋元入藏諸經論,117,335,336,117,342,佛說八大菩薩經,1476,宋,法賢譯,1,,三经同卷,
宋元入藏諸經論,117,337,339,117,342,大毗盧遮那成佛神變加持經略示七支念誦隨行法,1477,唐,不空譯,1,,三经同卷,
宋元入藏諸經論,117,339,342,117,343,速疾立驗魔醯首羅天說阿尾奢法,1478,唐,不空譯,1,,三经同卷,
宋元入藏諸經論,117,342,345,117,344,大聖曼殊室利童子五字瑜伽法,1479,唐,不空譯,1,,三经同卷,
宋元入藏諸經論,117,346,375,117,346,文殊師利菩薩及諸仙所說吉凶時日善惡宿曜經,1480,唐,不空譯．楊景風修注,2,,,
宋元入藏諸經論,117,376,378,117,358,一字金輪王佛頂要略念誦法,1481,唐,不空譯,1,,二经同卷,
宋元入藏諸經論,117,379,386,117,359,觀自在菩薩如意輪瑜伽,1482,唐,不空譯,1,,二经同卷,
宋元入藏諸經論,117,387,392,117,362,仁王般若陀羅尼釋,1483,唐,不空譯,1,,,
宋元入藏諸經論,117,393,400,117,365,金剛頂瑜伽理趣般若經,1484,唐,金剛智譯,1,,二经同卷,
宋元入藏諸經論,117,400,406,117,368,大樂金剛不空真實三摩耶般若波羅蜜多理趣經,1485,唐,不空譯,1,,二经同卷（此与1354号的譯者及內容相同，疑似重覆。）,
宋元入藏諸經論,117,407,414,117,370,金剛頂瑜伽經文殊師利菩薩儀軌供養法,1486,,,1,,,
宋元入藏諸經論,,,,,373,略述金剛頂瑜伽分別聖位修證法門,1487,唐,不空譯,1,,"not in this edition, original texts at Princeton University (this edition has 591 函6362 卷收經1532部）",
宋元入藏諸經論,117,415,421,117,377,一字佛頂輪王念誦儀軌,1488,唐,不空譯,1,,,
宋元入藏諸經論,117,422,423,117,380,十不善業道經,1489,宋,日稱等譯,1,,,
宋元入藏諸經論,117,423,427,117,380,瑜伽蓮華部念誦法,1490,唐,不空譯,1,,,
宋元入藏諸經論,117,427,429,117,382,事師法五十頌,1491,宋,日稱譯,1,,,
宋元入藏諸經論,117,430,439,117,383,金剛手光明灌頂經最勝立印聖無動尊大威怒王念誦儀軌法品,1492,唐,不空．偏智譯,1,,不空與徧（遍）智共譯,
宋元入藏諸經論,117,440,449,117,387,金剛頂經瑜伽觀自在王如來修行法,1493,唐,金剛智譯,1,,,
宋元入藏諸經論,117,450,459,117,391,佛說一髻尊陀羅尼經,1494,唐,不空譯,1,,三经同卷,
宋元入藏諸經論,117,459,461,117,395,金剛摧碎陀羅尼,1495,宋,慈賢譯,1,,三经同卷,
宋元入藏諸經論,117,461,462,117,396,不空羂索毗盧遮那佛大灌頂光真言,1496,唐,不空譯,1,,三经同卷,
宋元入藏諸經論,117,463,471,117,397,妙吉祥平等瑜伽秘密觀身成佛儀軌,1497,宋,慈賢譯,1,,,
宋元入藏諸經論,117,472,503,117,401,佛說頂生王因緣經,1498,宋,施護等譯,6,,,
宋元入藏諸經論,117,504,523,117,414,佛說大乘隨轉宣說諸法經,1499,宋,紹德等譯,3,,,
宋元入藏諸經論,117,524,535,117,422,仁王護國般若波羅蜜多經道場念誦軌儀,1500,唐,不空譯,1,,,
宋元入藏諸經論,117,536,563,117,427,佛說大乘入諸佛境界智光明莊嚴經,1501,宋,法護等譯,5,,,
宋元入藏諸經論,117,564,593,117,438,佛說大乘智印經,1502,宋,智吉祥等譯,5,,,
宋元入藏諸經論,,,,,452,瑜伽集要救阿難陀羅尼焰口儀軌經,1503,唐,不空譯,1,,"not in this edition, original texts at Princeton University (this edition has 591 函6362 卷收經1532部）",
宋元入藏諸經論,117,594,617,117,456,金剛頂經一切如來真實攝大乘現證大教王經,1504,唐,不空譯,2,,,
宋元入藏諸經論,117,618,632,117,465,佛說法乘義決定經,1505,宋,金總持等譯,3,,,
宋元入藏諸經論,117,633,641,117,472,末利支提婆華鬘經,1506,唐,不空譯,1,,,
宋元入藏諸經論,117,642,651,117,475,文殊所說最勝名義經,1507,宋,金總持等譯,2,,,
宋元入藏諸經論,118,4,250,118,480,佛說大乘菩薩藏正法經,1508,宋,法護等譯,40,,,
宋元入藏諸經論,118,251,256,118,585,大悲心陀羅尼修行念誦略儀,1509,唐,不空譯,1,,三经同卷,
宋元入藏諸經論,118,257,262,118,587,妙吉祥平等觀門大教王經略出護摩儀,1510,宋,慈賢譯,1,,三经同卷,
宋元入藏諸經論,118,263,264,118,589,金剛頂超勝三界經說文殊五字真言勝相,1511,唐,不空譯,1,,三经同卷,
宋元入藏諸經論,118,265,291,118,590,蘇悉地羯羅供養法,1512,唐,善無畏譯,3,,,
宋元入藏諸經論,118,292,308,118,601,大元帝師說根本一切有部出家授近圓羯磨儀範,1513,元,拔合思巴述,1,,,
宋元入藏諸經論,118,309,316,118,608,大元帝師說根本一切有部苾芻習學略法,1514,,拔合思巴述,1,,,
宋元入藏諸經論,118,317,321,118,611,大乘法界無差別論,1515,唐,提雲般若譯,1,,,
宋元入藏諸經論,118,322,327,118,613,金剛頂瑜伽中發阿耨多羅三藐三菩提心論,1516,唐,不空譯,1,,,
宋元入藏諸經論,118,328,580,118,616,根本說一切有部毗奈耶破僧事,1517,唐,義淨譯,20,,,
宋元入藏諸經論,118,581,60,119,720,菩薩本生鬘論,1518,宋,慧詢等譯,16,,此经跨二册（118-119),
宋元入藏諸經論,119,61,113,119,1,大宗地玄文本論,1519,陳,真諦譯,8,,,
宋元入藏諸經論,119,114,148,119,23,施設論,1520,宋,法護等譯,7,,,
宋元入藏諸經論,119,149,310,119,38,大乘集菩薩學論,1521,宋,法護等譯,25,,,
宋元入藏諸經論,119,311,444,119,106,大元至元法寶勘同總錄,1522,元,慶吉祥等集,10,,,
宋元入藏諸經論,119,445,518,119,160,大元至元辨偽錄,1523,元,祥邁撰,5,,,
宋元入藏諸經論,119,519,545,119,190,彰所知論,1524,元,沙羅巴譯,2,,,
宋元入藏諸經論,119,546,546,119,201,聖者文殊師利發菩提心願文,1525,元,智慧譯,1,,,
宋元入藏諸經論,119,547,565,119,201,聖妙吉祥真實名經,1526,元,釋智譯,1,,,
宋元入藏諸經論,119,566,573,119,209,佛說大白傘蓋總持陀羅尼經,1527,元,真智等譯,1,,,
宋元入藏諸經論,119,573,574,119,211,大白傘蓋佛母總讚嘆禱祝偈,1528,,,1,,,
宋元入藏諸經論,119,575,87,120,213,大藏聖教法寶標目,1529,元,王古撰,10,,此经跨二册（119-120),
宋元入藏諸經論,120,88,213,120,281,傳法正宗記,1530,宋,契嵩編修,9,,,
宋元入藏諸經論,120,214,225,120,333,傳法正宗定祖圖,1531,宋,契嵩撰,1,,,
宋元入藏諸經論,120,226,249,120,337,傳法正宗論,1532,宋,契嵩著,2,,,
宋元入藏諸經論,120,250,288,120,347,輔教篇,1533,宋,契嵩撰,3,,,
宋元入藏諸經論,120,289,708,120,363,天目中峰和尚廣錄,1534,元,明本著．慈寂上進,30,,,